MonthNum,Year,Quantity,Discount Percentage,Marketing Spend (USD),Actual,Predicted
7,2023,0,0,112,0.0,-111.73909758718219
7,2022,0,0,0,0.0,-82.78364116459124
8,2023,0,0,0,0.0,-106.98620636120904
10,2022,0,0,31,0.0,-102.2647751793047
11,2022,0,5,144,0.0,-256.3578847809549
12,2022,0,0,137,0.0,-123.09723942644632
11,2023,0,0,120,0.0,-134.64947357658093
10,2022,0,0,163,0.0,-114.40007385893841
5,2022,0,0,0,0.0,-71.6961894935157
5,2022,0,0,0,0.0,-71.6961894935157
12,2022,0,0,0,0.0,-110.5022703422801
1,2023,0,0,0,0.0,-68.18012551245192
9,2023,0,0,0,0.0,-112.52993219674681
8,2023,0,15,0,0.0,-521.4687042322985
12,2022,0,0,0,0.0,-110.5022703422801
4,2022,0,0,0,0.0,-66.15246365798521
2,2022,0,20,0,0.0,-607.7083424816956
1,2022,0,15,0,0.0,-464.00378402246133
10,2023,0,5,0,0.0,-256.23449065598106
10,2023,0,10,0,0.0,-394.39532327967754
5,2023,0,0,131,0.0,-102.39839345332439
10,2022,0,0,0,0.0,-99.41481867120456
5,2022,0,20,0,0.0,-624.3395199883016
11,2022,0,0,97,0.0,-113.87615035465569
11,2023,0,10,0,0.0,-399.9390491152153
10,2022,0,5,0,0.0,-237.57565129490104
6,2022,0,0,74,0.0,-84.04303731612163
12,2023,0,0,85,0.0,-136.97550658039836
11,2022,0,0,123,0.0,-116.26643645822332
4,2022,0,0,0,0.0,-66.15246365798521
5,2022,0,0,122,0.0,-82.91214736409165
4,2022,0,15,0,0.0,-480.63496152907464
11,2023,0,20,0,0.0,-676.2607143626083
7,2022,0,5,0,0.0,-220.94447378828772
4,2023,0,0,0,0.0,-84.81130301906524
10,2023,0,0,0,0.0,-118.07365803228458
3,2023,0,5,0,0.0,-217.42840980722394
8,2023,0,0,128,0.0,-118.75376871722256
4,2022,0,0,24,0.0,-68.35888159973547
2,2023,0,20,121,0.0,-637.4912056324392
7,2023,0,20,0,0.0,-654.0858110204572
7,2022,0,10,0,0.0,-359.1053064119842
12,2022,0,0,80,0.0,-117.85699681478582
7,2023,0,0,114,0.0,-111.92296574899228
3,2023,0,0,0,0.0,-79.26757718352746
1,2023,1,10,0,27.34,129.8290512320964
3,2023,1,0,41,30.38,391.2939674912559
2,2023,1,0,171,30.38,384.88626280897006
9,2022,1,0,0,30.38,380.4597491562745
2,2022,1,0,153,30.38,405.1999156263628
9,2023,1,10,0,50.39,85.4792445478015
5,2023,2,10,114,54.68,571.5045046585656
5,2023,1,0,161,55.99,369.1744261114145
6,2023,1,0,180,55.99,361.88395273866627
1,2022,2,0,191,60.76,881.5809883793991
3,2022,2,0,0,60.76,888.0529461614351
2,2022,2,0,170,60.76,877.9678782428964
7,2023,1,10,119,66.96,85.62654059102351
8,2023,1,0,147,67.5,353.83032573750097
2,2022,1,0,36,67.5,415.9562030924062
4,2023,1,0,60,67.5,384.0034941184931
5,2022,1,0,12,67.5,401.53144352754316
3,2023,1,5,0,70.68,256.9024321847173
1,2023,3,20,0,72.91,802.169069968586
1,2023,1,0,106,74.4,396.405703903416
4,2022,1,0,98,74.4,399.16883840513765
10,2022,1,0,169,74.4,359.3791636475653
12,2023,1,0,2,74.4,344.98586412677105
4,2022,3,15,110,77.47,932.2448155470483
5,2022,3,15,83,77.47,929.1833098959833
1,2022,3,10,0,82.03,1097.149574577059
11,2023,3,5,100,86.58,1152.0209013936692
6,2022,3,0,14,91.14,1344.4655335140778
6,2023,3,0,57,91.14,1321.8535286740225
1,2022,3,0,65,91.14,1367.4955245655365
12,2023,3,0,69,91.14,1287.487964689928
7,2022,3,0,0,91.14,1340.2088848112253
9,2022,3,0,0,91.14,1329.121433140157
4,2023,3,0,0,91.14,1338.1812229567586
1,2023,3,0,0,91.14,1354.812400463372
4,2023,3,0,0,91.14,1338.1812229567586
9,2022,3,0,103,91.14,1319.652222806806
3,2023,3,0,0,91.14,1343.7249487922963
6,2023,3,0,108,91.14,1317.1648905477996
6,2022,1,10,0,96.03,120.76926141549484
5,2022,4,20,0,97.22,1272.9838479794562
6,2023,4,20,116,97.22,1238.1169293977
11,2022,2,10,0,100.78,567.3814742297473
11,2022,1,5,0,101.36,231.21146486150246
4,2022,1,20,0,104.66,-144.46495216082985
1,2022,2,20,20,108.0,344.65838571959466
3,2023,4,10,0,109.37,1541.7341255368447
5,2022,4,10,164,109.37,1534.2283239582102
9,2022,1,15,147,111.2,-47.53705860804621
10,2022,2,0,0,111.98,849.246865312678
9,2023,2,0,70,111.98,829.696366123695
3,2023,2,0,10,111.98,868.47476599129
10,2023,2,0,0,111.98,830.588025951598
6,2022,2,0,0,111.98,871.4217686548218
1,2023,2,0,0,111.98,880.4815584714306
8,2022,2,0,198,111.98,842.1313689642993
6,2022,2,0,24,111.98,869.2153507130715
6,2023,2,0,0,111.98,852.7629292937418
1,2022,2,0,7,111.98,898.496859266168
8,2022,2,20,34,119.04,304.5652277381523
9,2023,2,10,0,121.5,559.8100865397428
5,2023,4,0,155,121.52,1792.7185565726759
10,2023,4,0,0,121.52,1779.2497099354732
7,2022,4,0,0,121.52,1814.5397268031666
6,2022,5,20,100,121.52,1732.577556045224
6,2022,4,0,92,121.52,1811.6255171953235
9,2022,4,0,0,121.52,1803.452275132091
8,2023,4,0,0,121.52,1790.3371616065488
3,2023,4,0,0,121.52,1818.0557907842376
1,2023,4,0,0,121.52,1829.1432424553059
9,2022,4,0,0,121.52,1803.452275132091
6,2022,4,0,0,121.52,1820.0834526387043
1,2022,4,0,0,121.52,1847.802081816386
1,2023,4,0,0,121.52,1829.1432424553059
3,2023,4,0,0,121.52,1818.0557907842376
10,2022,2,5,0,128.25,711.0860326889815
3,2023,2,5,0,128.25,731.2332741766586
5,2022,1,0,28,130.82,400.06049823304056
5,2022,1,0,9,130.82,401.8072457702583
11,2023,1,0,0,130.82,350.7134581241189
2,2023,1,0,0,130.82,400.6069906439516
11,2023,1,0,134,130.82,338.39429128266784
12,2023,1,0,0,130.82,345.16973228858114
11,2022,1,0,0,130.82,369.37229748519894
1,2023,1,20,98,131.54,-155.50215394411498
1,2022,1,20,97,131.54,-136.7513805021299
7,2023,2,10,26,133.92,568.5072521072434
7,2022,2,10,0,133.92,589.5563775718911
8,2023,2,10,0,133.92,565.3538123752805
7,2023,2,0,39,135.0,843.6337743028562
12,2022,2,0,12,135.0,837.0562046707273
3,2022,2,0,0,135.0,888.0529461614351
10,2023,2,0,35,135.0,827.3703331198776
8,2023,2,0,103,135.0,832.2062672893226
3,2022,2,0,0,135.0,888.0529461614351
1,2022,3,15,0,142.77,958.9887419533625
4,2022,5,5,0,144.3,2167.3409136780247
8,2023,6,20,162,145.82,2171.4621939888166
5,2022,1,10,0,147.99,126.31298725102533
9,2023,1,0,0,148.1,361.80090979519446
11,2022,1,0,84,148.1,361.64983468906576
4,2023,1,0,23,148.1,387.4050551120308
8,2023,1,0,157,148.1,352.91098492843594
1,2022,1,0,186,148.1,407.7098167919903
9,2023,2,0,108,148.8,826.2028710492523
12,2022,2,0,0,148.8,838.1594136416024
10,2023,2,0,0,148.8,830.588025951598
9,2022,2,0,195,148.8,836.8634453714767
3,2023,2,0,161,148.8,854.5927197744313
3,2023,2,0,128,148.8,857.6265444443416
8,2023,2,0,185,148.8,824.6676726549995
3,2022,2,0,25,148.8,885.7545941387798
5,2023,2,0,171,148.8,842.585927294298
3,2023,2,0,41,148.8,865.6248094831972
8,2022,2,0,0,148.8,860.3343169837535
10,2023,2,0,0,148.8,830.588025951598
4,2022,5,0,136,151.9,2292.99871129846
7,2022,5,0,68,151.9,2282.6190512934772
1,2022,5,0,0,151.9,2322.132923808327
4,2022,5,0,47,151.9,2301.1808444991257
11,2023,5,0,81,151.9,2240.590165538466
12,2022,5,0,173,151.9,2245.2473436206274
6,2022,5,0,0,151.9,2294.4142946306456
4,2023,5,0,0,151.9,2286.842906940641
6,2023,5,0,0,151.9,2275.7554552695656
4,2023,5,0,0,151.9,2286.842906940641
2,2023,5,0,0,151.9,2297.9303586117094
10,2022,5,0,163,151.9,2257.2541361007607
6,2022,5,0,0,151.9,2294.4142946306456
10,2023,5,0,0,151.9,2253.5805519274145
4,2023,5,0,0,151.9,2286.842906940641
1,2023,1,20,62,153.26,-152.1925270314896
9,2023,6,15,0,154.94,2318.972621883804
5,2022,3,20,0,162.0,798.6530059875149
5,2023,3,20,0,162.0,779.9941666264349
12,2023,1,15,138,162.83,-81.99966874757956
7,2023,1,15,0,162.83,-41.59413640481944
7,2022,6,10,122,164.05,2475.66378766908
2,2022,1,0,48,164.43,414.8529941215238
3,2022,1,0,28,164.43,411.1479499041161
3,2023,1,0,92,164.43,386.60532936503296
11,2023,1,0,30,164.46,347.9554356969311
8,2023,1,0,69,164.46,361.0011840481966
5,2022,1,0,171,164.46,386.9139246634368
10,2022,1,0,0,164.46,374.9160233207367
8,2022,3,0,10,167.97,1333.7458181666225
12,2023,3,0,0,167.97,1293.8314162724637
9,2022,3,0,0,167.97,1329.121433140157
8,2023,3,0,187,167.97,1298.8146464851234
2,2022,3,0,166,167.97,1352.6664565584651
1,2022,3,0,0,167.97,1373.471239824452
9,2023,3,0,32,167.97,1307.5207031900718
3,2022,3,0,197,167.97,1344.2727742148272
7,2023,3,0,0,167.97,1321.5500454501453
1,2022,7,20,0,170.13,2718.151277297424
3,2023,7,20,0,170.13,2688.4049862652682
2,2022,7,20,148,170.13,2699.0013074877497
1,2022,2,20,0,170.72,346.49706733772473
6,2023,6,5,98,173.17,2602.915924708992
4,2023,1,20,34,176.18,-166.24955027272517
10,2022,3,20,0,178.56,770.9343768098333
2,2023,3,20,134,178.56,784.3061772915971
12,2023,1,0,0,178.82,345.16973228858114
6,2023,1,0,0,178.82,378.43208730180777
5,2022,1,0,0,178.82,402.6346524984183
7,2023,1,0,181,178.82,356.24829282222345
10,2023,7,15,27,180.76,2785.277517855735
5,2022,7,15,188,180.76,2816.85359936858
2,2023,7,15,0,180.76,2832.1095447245025
11,2022,1,5,12,181.99,230.10825589062733
9,2022,3,10,44,182.25,1048.7546683328837
9,2022,6,0,114,182.28,2741.6334738926525
9,2023,6,0,0,182.28,2733.4551197548935
9,2023,6,0,180,182.28,2716.906985191752
6,2022,6,0,175,182.28,2752.656672463978
4,2022,6,0,122,182.28,2768.616630423079
4,2023,6,0,0,182.28,2761.173748932575
5,2023,6,0,0,182.28,2755.6300230970446
9,2023,6,0,157,182.28,2719.0214690525972
6,2023,6,0,24,182.28,2747.8798793197566
4,2022,6,0,0,182.28,2779.832588293655
7,2022,6,0,0,182.28,2763.201410787049
2,2023,6,0,0,182.28,2772.2612006036507
12,2023,1,15,0,187.19,-69.31276558250829
10,2023,3,15,62,189.72,884.7364570562568
1,2022,3,15,124,189.72,947.5889159209764
7,2023,1,0,30,190.01,370.1303390390822
8,2023,1,0,157,190.01,352.91098492843594
11,2022,1,0,0,190.01,369.37229748519894
9,2022,7,10,154,191.39,2935.965287400948
2,2022,1,0,54,191.57,414.30138963608624
8,2023,1,0,0,191.57,367.3446356307322
10,2022,1,0,0,191.57,374.9160233207367
1,2022,1,0,0,191.57,424.8095558405694
7,2022,1,0,0,191.57,391.54720082735
1,2023,3,5,0,192.38,1216.6515678396754
5,2023,3,5,135,192.38,1182.0655635751682
12,2022,8,20,0,194.43,3131.501135098457
12,2022,8,20,0,194.43,3131.501135098457
3,2023,3,10,144,200.88,1054.1647758943873
12,2022,4,10,0,201.56,1510.499432378092
3,2023,7,5,9,202.03,3102.0600774081977
12,2022,3,0,0,202.5,1312.4902556335437
6,2022,3,0,195,202.5,1327.825464870024
2,2023,3,0,0,202.5,1349.2686746278341
3,2023,3,0,0,202.5,1343.7249487922963
4,2023,3,0,33,202.5,1335.1473982868483
12,2022,3,0,95,202.5,1303.7565179474404
2,2022,3,0,170,202.5,1352.2987202348377
10,2022,3,0,0,202.5,1323.5777073046193
5,2022,3,0,21,202.5,1349.3657207832657
12,2023,3,0,62,202.5,1288.1315032562707
7,2022,3,0,0,202.5,1340.2088848112253
10,2023,3,0,186,202.5,1287.8191288949602
12,2023,3,0,60,202.5,1288.3153714180808
11,2023,3,0,0,202.5,1299.3751421080015
7,2022,3,0,179,202.5,1323.7526843289888
7,2022,3,0,131,202.5,1328.1655202124966
7,2023,1,0,0,207.68,372.88836146627
4,2023,1,0,0,207.68,389.51953897287603
3,2022,1,0,0,207.68,413.72210416949383
1,2022,1,0,0,207.68,424.8095558405694
7,2022,1,0,0,207.68,391.54720082735
7,2022,3,5,0,212.04,1202.0480521875288
4,2022,3,5,0,212.04,1218.6792296941421
4,2023,7,0,0,212.66,3235.5045909245164
7,2022,7,0,0,212.66,3237.5322527789904
6,2022,7,0,0,212.66,3243.075978614528
8,2022,7,0,139,212.66,3219.209689697469
3,2023,7,0,0,212.66,3241.048316760054
9,2022,7,0,5,212.66,3225.9851307033823
9,2022,7,0,125,212.66,3214.9530409946237
12,2023,7,0,131,212.66,3179.111419641493
3,2022,7,0,0,212.66,3259.707156121134
7,2023,7,0,114,212.66,3208.3929281945893
10,2022,7,0,80,212.66,3213.5463487998713
9,2023,7,0,0,212.66,3207.785961746835
8,2023,7,0,0,212.66,3213.3296875823726
10,2022,7,0,0,212.66,3220.901075272377
5,2022,7,0,78,212.66,3241.448846139363
9,2022,7,0,54,212.66,3221.4803607389695
8,2023,7,0,0,212.66,3213.3296875823726
8,2023,7,0,197,212.66,3195.2186736438234
8,2022,7,0,75,212.66,3225.0934708754794
1,2023,7,0,124,212.66,3240.7359423987436
8,2022,7,0,0,212.66,3231.9885269434526
4,2022,4,5,189,212.76,1675.634530394782
11,2023,2,0,0,213.4,825.0443001160602
1,2022,2,0,169,213.4,883.6035381593392
4,2022,2,0,0,213.4,882.5092203258973
11,2022,4,20,196,216.0,1221.7024131085927
10,2023,4,20,0,216.0,1226.6063794406873
10,2022,4,20,0,216.0,1245.2652188017746
7,2023,4,20,0,216.0,1243.2375569473006
9,2022,4,20,18,216.0,1249.1541311809924
6,2023,1,0,0,220.22,378.43208730180777
7,2022,1,0,0,220.22,391.54720082735
3,2023,1,0,0,220.22,395.0632648084138
6,2022,1,0,180,220.22,380.5427920997463
8,2023,1,0,184,220.22,350.42876474396326
9,2022,1,0,0,220.22,380.4597491562745
3,2022,1,0,0,220.22,413.72210416949383
9,2022,2,15,113,222.39,429.91954213471035
10,2023,3,0,164,223.2,1289.8416786749003
5,2022,3,0,0,223.2,1351.2963364823008
9,2022,3,0,0,223.2,1329.121433140157
7,2022,3,0,0,223.2,1340.2088848112253
7,2022,3,0,32,223.2,1337.26699422222
2,2023,3,0,0,223.2,1349.2686746278341
9,2022,3,0,118,223.2,1318.2732115932085
1,2022,3,0,0,223.2,1373.471239824452
3,2022,3,0,147,223.2,1348.8694782601451
8,2022,3,0,7,223.2,1334.021620409345
12,2022,3,0,0,223.2,1312.4902556335437
11,2023,5,20,0,223.96,1695.3934955970908
9,2022,4,0,127,223.96,1791.7766468569826
3,2023,5,20,0,223.96,1739.7433022813857
8,2023,4,0,0,223.96,1790.3371616065488
4,2022,4,0,30,223.96,1828.412881882592
10,2022,4,0,0,223.96,1797.9085492965605
4,2022,4,0,76,223.96,1824.1839141609016
9,2023,4,0,133,223.96,1772.566203010465
1,2023,4,0,0,223.96,1829.1432424553059
1,2023,4,0,97,223.96,1820.2256366073925
6,2022,4,0,0,223.96,1820.0834526387043
4,2023,4,0,195,223.96,1794.5849191719608
1,2023,4,0,0,223.96,1829.1432424553059
4,2022,4,0,0,223.96,1831.1709043097799
10,2022,4,0,2,223.96,1797.7246811347504
11,2022,4,15,108,229.5,1367.9534448520499
9,2023,4,15,100,229.5,1361.1175298092858
10,2023,4,15,0,229.5,1364.767212064391
1,2022,4,15,0,229.5,1433.3195839452965
1,2023,4,15,40,229.5,1410.9833813479636
11,2022,5,15,76,237.96,1845.226177432989
2,2022,4,20,197,238.08,1271.5040115475203
6,2023,4,20,0,238.08,1248.7812827828384
5,2023,4,20,190,238.08,1236.8575332461696
8,2023,4,20,0,238.08,1237.6938311117628
9,2022,4,20,92,238.08,1242.3510091939243
10,2023,1,20,0,238.66,-196.38614653512923
3,2022,1,20,56,238.66,-144.06953485604754
10,2023,4,10,0,243.0,1502.9280446880803
10,2022,4,10,0,243.0,1521.5868840491676
5,2022,4,10,172,243.0,1533.4928513109553
3,2023,8,0,0,243.04,3715.3791587519954
3,2023,8,0,0,243.04,3715.3791587519954
1,2022,8,0,18,243.04,3743.4706363278383
6,2022,9,10,80,246.08,3908.0612708785047
7,2022,1,20,193,248.96,-178.83940728235757
2,2023,1,20,0,248.96,-152.03633985083434
4,2023,1,20,7,248.96,-163.7673300882525
7,2023,5,10,0,251.96,1993.8900641866348
1,2023,4,5,0,256.5,1690.9824098316094
9,2022,9,5,10,259.75,4036.0263116590286
11,2022,2,0,120,261.64,832.6710497683816
10,2022,2,0,0,261.64,849.246865312678
1,2023,2,0,134,261.64,868.1623916299795
10,2022,2,0,114,261.64,838.766380089357
1,2022,2,0,0,261.64,899.1403978325106
12,2022,2,0,0,261.64,838.1594136416024
1,2022,2,20,71,263.14,339.9697475933717
3,2022,5,5,79,265.95,2165.6218471219545
2,2022,5,5,195,265.95,2160.501219572354
12,2022,4,10,0,267.84,1510.499432378092
3,2022,6,20,0,268.75,2232.732983634407
8,2023,1,10,0,269.3,91.02297038333927
12,2022,4,0,18,270.0,1785.1662841691723
4,2022,4,0,0,270.0,1831.1709043097799
8,2023,4,0,0,270.0,1790.3371616065488
12,2022,4,0,0,270.0,1786.821097625485
1,2022,4,0,0,270.0,1847.802081816386
3,2023,4,0,0,270.0,1818.0557907842376
11,2023,4,0,0,270.0,1773.7059840999427
10,2022,4,0,165,270.0,1782.7394259470166
10,2022,4,0,135,270.0,1785.4974483742044
4,2022,4,0,111,270.0,1820.966221329174
5,2023,4,0,0,270.0,1806.968339113162
8,2022,4,0,0,270.0,1808.9960009676288
3,2022,4,0,0,270.0,1836.7146301453176
11,2022,4,0,0,270.0,1792.3648234610228
7,2022,4,0,0,270.0,1814.5397268031666
2,2023,4,0,0,270.0,1823.5995166197754
10,2022,4,0,44,270.0,1793.8634497366802
7,2022,4,0,22,270.0,1812.5171770232264
4,2023,3,15,196,272.08,905.679645228025
1,2022,3,15,36,272.08,955.6791150407371
8,2023,9,0,0,273.42,4161.991371566248
9,2022,9,0,12,273.42,4174.003276120922
10,2022,9,0,17,273.42,4167.999879880852
7,2022,9,0,3,273.42,4185.918134520143
9,2022,9,0,92,273.42,4166.6485496484165
12,2023,9,0,0,273.42,4139.816468224104
8,2023,9,0,59,273.42,4156.567260792777
8,2022,9,0,0,273.42,4180.650210927328
7,2023,9,0,128,273.42,4155.767535045772
8,2023,9,0,34,273.42,4158.8656128154325
12,2022,2,15,0,279.58,423.676915770513
6,2022,5,0,116,279.95,2283.749941245507
1,2022,5,0,131,279.95,2310.0895592095985
11,2023,5,0,0,279.95,2248.0368260918767
5,2022,5,0,0,279.95,2299.9580204661834
2,2022,5,0,0,279.95,2316.5891979727894
10,2023,5,0,0,279.95,2253.5805519274145
1,2023,5,0,0,279.95,2303.474084447247
11,2023,5,0,54,279.95,2243.0723857229314
11,2022,5,0,0,279.95,2266.6956654529567
7,2022,5,0,81,279.95,2281.423908241697
9,2022,5,0,0,279.95,2277.7831171240323
4,2023,5,0,45,279.95,2282.7058732998557
7,2023,5,0,105,279.95,2260.5586509388595
2,2023,5,0,77,279.95,2290.851434381919
10,2023,5,0,41,279.95,2249.8112546102566
3,2023,5,0,188,279.95,2275.1030255657824
8,2022,5,0,112,279.95,2273.030225898059
4,2022,1,10,0,280.08,131.8567130865631
1,2023,4,5,0,282.72,1690.9824098316094
8,2023,5,15,96,286.88,1841.3598339603923
3,2022,5,15,0,286.88,1896.5629742661622
11,2022,10,5,175,288.61,4484.100578630358
8,2022,12,20,78,291.65,5043.82854809767
11,2022,2,10,0,296.03,567.3814742297473
9,2022,2,0,0,296.2,854.7905911482158
3,2023,2,0,0,296.2,869.3941068003551
6,2022,2,0,156,296.2,857.0800520334305
7,2022,2,0,100,296.2,856.6846347286482
5,2023,2,0,0,296.2,858.3066551292795
5,2022,2,0,27,296.2,874.4832743058869
8,2023,2,0,0,296.2,841.6754776226735
12,2022,2,0,97,296.2,829.2418077936891
2,2022,2,0,0,296.2,893.5966719969729
5,2022,4,0,177,297.6,1809.354846153823
12,2023,4,0,0,297.6,1768.162258264405
11,2023,5,20,0,297.6,1695.3934955970908
9,2023,4,0,51,297.6,1780.104797644788
9,2023,4,0,192,297.6,1767.1420922369944
10,2022,4,0,66,297.6,1791.84089995674
3,2022,4,0,176,297.6,1820.5342319058036
6,2023,4,0,0,297.6,1801.4246132776243
7,2022,4,0,0,297.6,1814.5397268031666
9,2022,4,0,157,297.6,1789.0186244297947
2,2023,4,0,41,297.6,1819.8302193026175
4,2022,4,0,46,297.6,1826.9419365880894
3,2023,4,0,38,297.6,1814.5622957097949
12,2023,4,0,0,297.6,1768.162258264405
7,2022,4,0,159,297.6,1799.9222079390602
2,2022,1,20,180,298.16,-149.9256350528958
3,2023,1,0,0,298.32,395.0632648084138
8,2023,1,0,0,298.32,367.3446356307322
6,2023,1,0,19,298.32,376.68533976459
6,2023,1,0,72,298.32,371.8128334765497
10,2022,1,0,42,298.32,371.05479192267376
12,2022,1,0,0,299.22,363.82857164966117
10,2022,1,0,0,299.22,374.9160233207367
10,2023,1,0,197,299.22,338.14617002110754
8,2023,1,0,0,299.22,367.3446356307322
11,2022,6,10,0,302.35,2464.704842197505
1,2022,5,10,0,303.75,2045.8112585609342
12,2023,10,0,134,303.8,4601.828143374594
12,2022,10,0,0,303.8,4632.806149577125
7,2023,10,0,0,303.8,4641.865939393727
10,2022,10,0,0,303.8,4643.893601248194
12,2022,10,0,0,303.8,4632.806149577125
3,2022,10,0,0,303.8,4682.699682096958
7,2022,10,0,42,303.8,4656.663547356744
7,2022,10,0,166,303.8,4645.263721324358
2,2022,10,0,0,303.8,4688.243407932496
12,2023,10,0,113,303.8,4603.758759073629
8,2022,10,0,0,303.8,4654.981052919269
11,2023,10,0,64,303.8,4613.80725487358
12,2022,10,0,0,303.8,4632.806149577125
10,2022,10,0,0,303.8,4643.893601248194
9,2022,10,0,61,303.8,4643.829348148443
8,2022,1,0,33,311.2,382.969650321902
5,2022,1,0,0,311.2,402.6346524984183
9,2022,1,0,0,311.2,380.4597491562745
5,2022,1,0,183,311.2,385.81071569256164
2,2022,1,0,0,311.57,419.2658300050316
5,2023,1,0,27,311.57,381.4935929528656
4,2023,1,0,171,311.57,373.7988111378945
12,2023,1,0,172,311.57,329.3570703726873
11,2023,1,0,0,311.57,350.7134581241189
6,2022,1,0,114,311.57,386.6104414395668
11,2022,7,20,124,313.54,2651.3141929096673
9,2022,7,20,159,313.54,2659.1839517490225
10,2022,5,15,135,316.2,1845.345792495049
6,2022,6,5,0,319.14,2630.5843039988904
6,2022,3,0,0,320.1,1345.752610646763
11,2022,3,0,55,320.1,1312.977607019231
10,2023,3,0,0,320.1,1304.9188679435392
8,2023,3,0,0,320.1,1316.0063196146075
12,2023,3,0,0,320.1,1293.8314162724637
4,2023,3,0,189,320.1,1320.805681665457
2,2023,3,0,0,320.1,1349.2686746278341
8,2023,3,0,39,320.1,1312.4208904592597
5,2023,5,5,0,320.62,2143.138348481407
2,2023,5,5,88,320.62,2151.6793268682522
2,2023,2,10,0,321.88,598.6161673884999
10,2023,6,20,0,324.0,2175.26806342457
2,2023,12,10,0,328.1,5341.924587307898
12,2022,2,0,0,328.86,838.1594136416024
2,2023,2,0,0,328.86,874.9378326358928
5,2022,2,0,0,328.86,876.9654944903596
11,2022,2,0,0,328.86,843.7031394771402
9,2022,2,0,163,328.86,839.8053359604819
5,2023,2,0,90,328.86,850.0325878477088
6,2023,2,0,164,328.86,837.6857400251029
8,2023,2,0,0,328.92,841.6754776226735
12,2023,2,0,129,328.92,807.6410778436039
10,2023,2,0,141,328.92,817.6253205438043
12,2022,2,0,100,328.92,828.9660055509667
11,2022,2,0,0,328.92,843.7031394771402
10,2022,2,0,27,328.92,846.7646451282053
3,2022,2,0,110,328.92,877.9401972617343
10,2023,2,0,127,328.92,818.9123976764895
7,2023,2,0,0,328.92,847.219203458204
1,2023,2,0,0,328.92,880.4815584714306
8,2023,2,0,5,328.92,841.215807218141
8,2023,3,15,92,333.59,893.0658863001372
5,2023,11,0,31,334.18,5124.434276548647
1,2022,5,10,160,334.8,2031.1018056159228
6,2022,5,10,183,334.8,2001.268692577396
4,2022,5,10,167,334.8,2013.8270895429669
9,2023,1,10,0,335.43,85.4792445478015
2,2023,6,0,0,335.94,2772.2612006036507
2,2022,6,0,95,335.94,2782.1863022786274
8,2022,6,0,0,335.94,2757.6576849515113
2,2023,6,0,0,335.94,2772.2612006036507
6,2022,6,0,193,335.94,2751.001859007665
3,2022,6,0,0,335.94,2785.376314129193
1,2022,6,0,0,335.94,2796.4637658002684
2,2023,6,0,196,335.94,2754.2421207460065
6,2023,6,0,55,335.94,2745.0299228116564
2,2022,5,0,0,337.5,2316.5891979727894
3,2022,5,0,130,337.5,2299.0940416194353
5,2023,5,0,0,337.5,2281.2991811051033
8,2023,5,0,0,337.5,2264.66800359849
4,2022,5,0,0,337.5,2305.501746301721
3,2022,5,0,0,337.5,2311.045472137259
6,2023,5,0,0,337.5,2275.7554552695656
12,2023,14,20,124,340.26,5947.427521656631
5,2022,2,10,0,342.02,600.6438292429666
2,2022,2,10,156,342.02,602.9332901281887
9,2023,2,10,0,342.02,559.8100865397428
7,2023,2,10,132,342.02,558.7622395311773
1,2022,2,10,0,344.83,622.8187325851177
10,2023,2,10,51,344.83,549.5777225779821
9,2023,3,20,181,355.44,741.1791946402445
5,2022,6,20,6,357.12,2221.093927477901
12,2022,2,0,191,357.64,820.6000041884909
12,2023,8,20,0,358.34,3112.842295737377
7,2023,4,15,105,362.78,1371.7453110758288
8,2022,4,15,170,362.78,1378.8847093424629
6,2023,2,5,194,363.98,696.7668849742186
1,2022,6,10,0,364.5,2520.1421005528755
12,2023,6,10,122,364.5,2429.2863191303113
9,2023,12,0,73,364.56,5572.728983800371
10,2023,12,0,0,364.56,5573.896445870996
8,2023,12,0,27,364.56,5582.501677357599
12,2022,12,0,182,364.56,5564.735830836049
3,2022,12,0,0,364.56,5631.361366080837
9,2023,12,0,36,364.56,5576.130544793905
9,2023,5,0,85,372.0,2251.309880885914
4,2023,5,0,122,372.0,2275.626949070065
10,2022,5,0,0,372.0,2272.2393912884945
8,2023,5,0,145,372.0,2251.337561867069
3,2022,5,0,0,372.0,2311.045472137259
4,2022,5,0,0,372.0,2305.501746301721
12,2022,5,0,0,372.0,2261.1519396174263
11,2022,5,0,64,372.0,2260.8118842749536
6,2023,5,0,135,372.0,2263.3443543472094
12,2022,5,0,113,372.0,2250.7633884750103
4,2023,5,0,197,372.0,2268.731893002092
11,2023,5,0,32,372.0,2245.0949355028715
5,2022,5,0,0,372.0,2299.9580204661834
11,2023,5,0,0,372.0,2248.0368260918767
1,2022,5,0,0,372.0,2322.132923808327
12,2023,7,5,0,372.33,3052.993951616525
5,2022,7,5,10,372.33,3109.539531017297
10,2023,1,0,0,372.7,356.2571839596567
6,2022,1,0,163,372.7,382.10567147515394
8,2023,1,0,0,372.7,367.3446356307322
8,2022,1,0,0,372.7,386.00347499181225
1,2023,3,5,0,372.84,1216.6515678396754
2,2022,3,5,0,372.84,1229.7666813652177
3,2023,3,5,188,372.84,1188.2805089582107
4,2023,13,5,0,375.19,5943.328810252464
12,2023,7,20,78,378.0,2631.34059543474
9,2023,7,20,0,378.0,2655.142631252049
9,2023,6,15,165,379.44,2303.80349853426
11,2023,6,15,89,379.44,2299.703037012063
4,2022,2,0,0,380.02,882.5092203258973
12,2022,2,0,0,380.02,838.1594136416024
6,2022,2,0,168,380.02,855.9768430625554
12,2022,2,0,128,380.02,826.3918512855889
5,2023,2,0,0,380.02,858.3066551292795
6,2022,2,0,158,380.02,856.8961838716205
5,2023,2,0,190,380.02,840.839179757073
4,2022,2,0,66,380.02,876.4415709860768
6,2023,2,0,0,380.02,852.7629292937418
5,2022,2,0,0,380.02,876.9654944903596
5,2023,2,0,0,380.02,858.3066551292795
11,2023,8,15,0,380.73,3256.546854196611
10,2023,8,15,152,380.73,3248.116599734385
9,2022,1,0,0,380.79,380.4597491562745
5,2022,1,0,0,380.79,402.6346524984183
4,2023,1,0,47,380.79,385.19863717028056
6,2022,2,0,14,383.14,870.1346915221366
3,2023,2,0,10,383.14,868.47476599129
7,2022,2,0,36,383.14,862.5684159066586
9,2023,2,0,173,383.14,820.2271557903368
8,2022,2,0,29,383.14,857.6682286374707
8,2022,2,0,0,383.14,860.3343169837535
10,2023,2,0,28,383.14,828.0138716862202
9,2022,2,0,0,383.14,854.7905911482158
1,2023,2,0,46,383.14,876.2525907497402
12,2023,2,0,5,383.14,819.0409038759899
5,2022,4,10,110,384.12,1539.1927643271483
8,2023,7,0,0,391.93,3213.3296875823726
5,2022,7,0,124,391.93,3237.2198784176726
7,2022,7,0,0,391.93,3237.5322527789904
2,2022,7,0,0,391.93,3265.250881956672
4,2022,7,0,0,391.93,3254.1634302855964
4,2022,7,0,0,391.93,3254.1634302855964
11,2023,7,0,32,391.93,3193.756619486754
5,2022,7,0,0,391.93,3248.6197044500586
2,2022,7,0,0,391.93,3265.250881956672
11,2022,7,0,0,391.93,3215.3573494368393
2,2022,7,0,56,391.93,3260.1025734259165
9,2023,7,0,89,391.93,3199.603828546169
12,2023,7,0,0,391.93,3191.1547842402215
4,2022,7,0,0,391.93,3254.1634302855964
3,2023,7,0,0,391.93,3241.048316760054
2,2022,7,0,150,391.93,3251.4607698207183
6,2022,7,0,0,391.93,3243.075978614528
12,2022,1,15,84,392.28,-58.37638901756145
10,2023,3,0,130,392.46,1292.9674374257156
10,2023,3,0,0,392.46,1304.9188679435392
5,2022,3,0,0,392.46,1351.2963364823008
10,2023,3,0,62,392.46,1299.2189549273462
5,2023,3,0,22,392.46,1330.6149473412806
8,2023,3,0,127,392.46,1304.330691339499
6,2022,3,0,8,392.46,1345.0171379995154
3,2023,3,0,119,392.46,1332.7847931644428
7,2023,3,0,46,392.46,1317.3210777284548
7,2022,3,0,0,392.46,1340.2088848112253
1,2022,3,0,0,392.46,1373.471239824452
11,2022,3,0,0,392.46,1318.0339814690815
10,2022,3,0,47,392.46,1319.2568055020238
12,2023,3,0,0,392.46,1293.8314162724637
10,2022,3,0,129,392.46,1311.7182108677007
1,2023,3,0,20,392.46,1352.9737188452418
1,2023,2,5,154,394.59,728.1628773881603
4,2022,3,20,0,394.63,804.1967318230527
1,2022,3,20,0,394.7,820.827909329666
2,2022,3,20,0,394.7,815.2841834941282
9,2022,3,20,149,394.7,762.7799245903298
9,2023,13,0,94,394.94,6045.129210093281
7,2022,13,0,0,394.94,6083.517304730627
11,2022,1,10,60,401.18,87.53458738342306
3,2022,6,10,0,401.76,2509.0546488818
3,2023,6,10,0,401.76,2490.39580952072
5,2022,9,20,0,403.13,3644.6380579391553
8,2022,6,0,189,405.0,2740.28214366021
12,2023,6,0,0,405.0,2716.82394224828
8,2023,6,0,182,405.0,2722.2668428654797
12,2022,6,0,0,405.0,2735.4827816093602
10,2023,6,0,9,405.0,2727.083987191196
1,2022,6,0,105,405.0,2786.8106873051
3,2022,6,0,0,405.0,2785.376314129193
5,2023,6,0,0,405.0,2755.6300230970446
3,2022,6,0,0,405.0,2785.376314129193
12,2023,6,0,198,405.0,2698.620994228826
11,2022,6,0,72,405.0,2734.40725361964
3,2023,6,0,86,405.0,2758.8111438101696
3,2022,6,0,195,405.0,2767.449168352454
8,2023,6,0,0,405.0,2738.9988455904313
8,2023,6,0,135,405.0,2726.587744668075
6,2023,6,0,0,405.0,2750.086297261507
1,2023,6,0,172,405.0,2761.9922645232946
2,2023,6,0,108,405.0,2762.332319865767
12,2023,6,0,48,405.0,2712.4111063647724
3,2023,6,0,0,405.0,2766.717474768113
8,2023,6,0,0,405.0,2738.9988455904313
12,2022,4,5,0,405.46,1648.6602650017885
8,2023,16,15,0,413.17,7067.82476763874
2,2023,2,0,46,415.36,870.7088649142024
7,2022,2,0,0,415.36,865.878042819284
2,2022,2,0,108,415.36,883.6677912590894
7,2023,2,0,35,415.36,844.0015106264837
2,2023,1,5,81,415.75,254.99949746684433
2,2022,3,15,190,419.3,935.9775407456182
2,2022,3,15,0,419.37,953.4450161178247
9,2023,3,15,80,419.37,888.6253694354818
1,2022,3,5,125,422.08,1223.8186470874643
3,2023,3,5,16,422.08,1204.0931708740973
1,2023,3,5,8,422.08,1215.9160951924277
4,2023,3,5,110,422.08,1189.9076414333613
11,2023,6,5,0,424.08,2584.2068354601215
1,2023,6,5,0,424.08,2639.644093815492
1,2022,14,0,176,425.32,6574.930103496277
5,2023,14,0,0,425.32,6550.276759032564
12,2022,14,0,36,425.32,6526.819890632254
7,2023,4,0,0,426.8,1795.8808874420865
4,2022,4,0,0,426.8,1831.1709043097799
3,2023,4,0,0,426.8,1818.0557907842376
9,2022,4,0,0,426.8,1803.452275132091
8,2022,4,0,111,426.8,1798.791317987023
6,2023,5,20,73,426.8,1716.4009368686166
6,2022,4,0,0,426.8,1820.0834526387043
7,2022,4,0,0,426.8,1814.5397268031666
3,2022,4,0,126,426.8,1825.1309359511215
6,2023,5,20,0,426.8,1723.1121247747797
9,2022,4,0,0,426.8,1803.452275132091
6,2022,4,0,0,426.8,1820.0834526387043
5,2022,4,0,48,426.8,1821.2143425907343
4,2023,3,20,62,429.17,779.8379794457796
4,2022,1,0,0,437.63,408.17837833395606
6,2023,1,0,84,437.63,370.7096245056746
12,2023,1,0,154,437.63,331.0118838290073
6,2022,1,5,0,438.43,258.9300940391913
1,2023,2,0,68,440.44,874.2300409698
3,2023,2,0,135,440.44,856.983005877999
1,2022,2,0,0,440.44,899.1403978325106
1,2022,2,0,0,440.44,899.1403978325106
6,2023,2,0,0,440.44,852.7629292937418
9,2023,2,0,0,440.44,836.1317517871357
2,2022,2,0,164,440.44,878.519482728334
5,2022,7,15,0,442.68,2834.137206578969
9,2022,3,0,0,444.3,1329.121433140157
9,2022,3,0,0,444.3,1329.121433140157
2,2023,3,0,0,444.3,1349.2686746278341
6,2022,3,0,0,444.3,1345.752610646763
9,2022,3,0,95,444.3,1320.3876954540538
7,2023,3,0,0,444.3,1321.5500454501453
3,2022,3,0,80,444.3,1355.0290616808707
10,2022,4,15,11,444.79,1382.4147765354937
7,2023,4,15,0,444.79,1381.398389570997
2,2022,6,0,49,446.4,2786.415270000318
12,2023,6,0,199,446.4,2698.529060147921
2,2022,6,0,85,446.4,2783.1056430876924
9,2023,6,0,198,446.4,2715.2521717354393
10,2022,6,0,6,446.4,2746.018628794998
2,2022,6,0,113,446.4,2780.5314888223147
7,2022,6,0,48,446.4,2758.7885749035413
4,2022,6,0,0,446.4,2779.832588293655
9,2023,6,0,38,446.4,2729.9616246804508
7,2022,6,0,0,446.4,2763.201410787049
8,2023,6,0,169,446.4,2723.46198591726
4,2023,6,0,57,446.4,2755.9335063209146
4,2022,6,0,97,446.4,2770.9149824457418
1,2022,6,0,0,446.4,2796.4637658002684
11,2022,6,0,0,446.4,2741.026507444898
8,2023,6,0,121,446.4,2727.8748218007677
9,2022,6,0,0,446.4,2752.1139591159736
12,2023,6,0,0,446.4,2716.82394224828
11,2022,6,0,151,446.4,2727.1444612280393
11,2023,8,0,0,447.92,3671.0293520677005
12,2023,8,0,79,447.92,3658.222833840562
4,2023,8,0,165,447.92,3694.6663095669137
6,2023,8,0,0,447.92,3698.747981245382
6,2023,8,0,0,447.92,3698.747981245382
10,2022,8,0,0,447.92,3695.2319172643183
11,2022,8,0,42,447.92,3685.8269600307176
12,2022,8,0,164,447.92,3669.067276324604
11,2022,8,0,64,447.92,3683.8044102507774
5,2023,8,0,0,447.92,3704.29170708092
11,2023,8,0,67,447.92,3664.869768646975
10,2023,7,5,126,448.88,3052.4977090934044
5,2022,5,15,49,453.48,1880.970752630681
6,2022,5,15,23,453.48,1877.817312898711
8,2023,9,10,94,453.52,3877.0279027136567
10,2023,15,0,0,455.7,6996.888971846816
4,2022,3,15,0,455.99,942.3575644467492
3,2022,3,15,130,455.99,935.9498597644633
7,2022,3,20,0,459.77,787.5655543164394
6,2023,3,20,176,459.77,758.2700425513831
9,2022,3,20,52,459.77,771.6975304382431
5,2023,1,0,0,461.51,383.97581313733826
4,2022,1,0,199,461.51,389.8834962335968
6,2023,1,0,58,461.51,373.0999106092422
11,2022,1,0,0,461.51,369.37229748519894
9,2023,1,0,68,461.51,355.54939229356387
12,2023,16,5,137,461.78,7309.376560459819
4,2023,3,5,0,468.63,1200.020390333062
11,2022,3,5,155,468.71,1165.6233663048988
9,2023,7,10,117,468.72,2920.7080090333984
1,2022,7,0,21,472.5,3268.8639920931746
1,2022,7,0,120,472.5,3259.762518083451
1,2023,7,0,117,472.5,3241.3794809650863
12,2023,7,0,0,472.5,3191.1547842402215
4,2023,7,0,0,472.5,3235.5045909245164
4,2023,7,0,0,472.5,3235.5045909245164
6,2022,7,0,0,472.5,3243.075978614528
4,2022,7,0,0,472.5,3254.1634302855964
11,2022,7,0,0,472.5,3215.3573494368393
3,2023,7,0,0,472.5,3241.048316760054
1,2022,7,0,0,472.5,3270.7946077922097
6,2022,7,0,122,472.5,3231.860020743952
10,2023,7,0,0,472.5,3202.242235911297
1,2022,7,0,0,472.5,3270.7946077922097
5,2022,7,0,0,472.5,3248.6197044500586
7,2022,7,0,130,472.5,3225.5808222611668
11,2022,7,0,92,472.5,3206.8994139934584
6,2022,7,0,89,472.5,3234.8938454138624
4,2022,10,15,0,475.92,4262.673458390331
1,2022,1,20,160,482.14,-142.54322759922798
8,2023,3,10,0,482.81,1039.6846543672145
6,2022,1,20,18,484.08,-157.2072172882108
8,2022,3,15,172,484.53,904.3699991887042
11,2022,3,15,26,484.53,901.1611974944244
11,2022,8,10,110,486.0,3403.253777281687
3,2023,9,20,107,486.0,3627.2297235921724
5,2023,3,15,38,488.5,914.6615041756886
9,2023,1,20,0,489.18,-190.84242069959146
8,2023,11,20,125,492.71,4546.517964942053
7,2023,3,0,120,493.29,1310.5179557413867
9,2023,3,0,0,493.29,1310.462593779077
2,2023,3,0,108,493.29,1339.3397938899507
6,2022,3,0,159,493.29,1331.1350917826567
8,2023,3,0,0,493.29,1316.0063196146075
3,2023,3,0,177,493.29,1327.4526164718773
7,2023,3,0,0,493.29,1321.5500454501453
1,2023,3,0,0,493.29,1354.812400463372
4,2023,3,0,115,493.29,1327.6088036525325
2,2022,3,0,0,493.29,1367.9275139889141
5,2023,3,0,3,493.29,1332.3616948784984
7,2022,3,0,0,493.38,1340.2088848112253
8,2022,3,0,143,493.38,1321.5185854060837
6,2023,3,0,124,493.38,1315.693945253297
9,2023,3,0,165,493.38,1295.293470429533
12,2022,3,0,96,493.38,1303.6645838665354
2,2022,3,0,115,493.38,1357.355094684688
10,2022,3,0,49,493.38,1319.0729373402064
7,2022,3,0,35,493.38,1336.991191979505
10,2023,3,0,0,493.38,1304.9188679435392
10,2023,3,0,21,493.38,1302.988252244504
4,2022,3,0,0,493.38,1356.8400623178386
10,2022,3,0,0,493.38,1323.5777073046193
12,2023,4,5,72,497.12,1623.3821718154504
5,2023,2,20,0,497.92,305.6633246344936
1,2022,3,20,0,498.43,820.827909329666
12,2022,9,0,146,503.91,4145.052931772858
9,2022,9,0,127,503.91,4163.430856816689
11,2022,9,0,0,503.91,4164.019033420722
9,2023,9,0,0,503.91,4156.44764573071
10,2022,9,0,85,503.91,4161.748362379221
11,2022,9,0,0,503.91,4164.019033420722
7,2022,8,15,113,505.92,3286.9920457574262
4,2023,5,5,149,506.82,2134.9838962619033
12,2022,2,15,0,507.14,423.676915770513
11,2023,2,15,0,507.14,410.56180224497075
12,2023,3,5,95,509.64,1146.936845962664
12,2023,3,5,0,509.64,1155.6705836487672
6,2023,3,5,175,509.64,1172.8444745033776
6,2022,3,5,0,509.64,1207.5917780230666
9,2023,1,15,69,512.27,-59.025039658430615
10,2023,8,5,98,513.0,3529.4027053507234
3,2022,8,5,0,513.0,3595.877165489379
8,2022,3,10,190,517.24,1040.876018356088
2,2023,1,0,0,519.09,400.6069906439516
9,2022,1,0,0,519.09,380.4597491562745
10,2023,1,0,0,519.09,356.2571839596567
4,2023,1,0,169,519.09,373.9826792997046
8,2022,19,10,78,519.5,8640.466107288645
8,2022,7,0,0,520.8,3231.9885269434526
3,2023,7,0,116,520.8,3230.3839633749158
5,2023,7,0,0,520.8,3229.9608650889786
1,2023,7,0,33,520.8,3249.1019437612194
11,2022,7,0,0,520.8,3215.3573494368393
7,2022,7,0,0,520.8,3237.5322527789904
2,2022,7,0,98,520.8,3256.2413420278535
1,2023,7,0,176,520.8,3235.9553701916157
2,2023,4,0,0,523.28,1823.5995166197754
7,2022,4,0,0,523.28,1814.5397268031666
11,2023,4,0,151,523.28,1759.823937883084
6,2023,4,0,85,523.28,1793.610216400586
12,2022,4,0,0,523.28,1786.821097625485
2,2022,4,0,141,523.28,1829.2956505730617
10,2023,5,20,0,523.28,1700.9372214326286
1,2023,4,0,0,523.28,1829.1432424553059
4,2023,4,0,161,523.28,1797.710677922776
4,2022,4,0,50,523.28,1826.574200264462
11,2023,4,20,0,526.18,1221.0626536051568
10,2023,4,20,0,526.18,1226.6063794406873
7,2023,4,20,4,526.27,1242.8698206236731
12,2022,4,20,0,526.27,1234.177767130699
1,2023,3,20,45,528.53,798.0320363278006
5,2022,3,20,193,528.53,780.9097283725932
11,2023,2,15,0,529.04,410.56180224497075
11,2022,4,10,24,533.16,1513.8367402718795
10,2023,4,10,108,533.16,1492.9991639501968
12,2022,4,10,14,533.16,1509.2123552454068
5,2022,5,0,0,533.5,2299.9580204661834
4,2022,5,0,106,533.5,2295.756733725648
11,2022,5,0,0,533.5,2266.6956654529567
2,2022,5,0,0,533.5,2316.5891979727894
6,2023,5,0,110,533.5,2265.6427063698648
9,2023,5,0,0,533.5,2259.1242777629523
5,2022,3,0,0,536.46,1351.2963364823008
5,2023,3,0,0,536.46,1332.6374971212208
4,2023,3,0,0,536.46,1338.1812229567586
10,2023,3,0,0,536.46,1304.9188679435392
7,2023,3,0,180,536.46,1305.0019108870038
11,2022,3,0,197,536.46,1299.9229675305323
8,2022,3,0,0,536.46,1334.6651589756875
2,2023,3,0,63,536.46,1343.476827530736
1,2022,3,0,182,536.46,1356.7392370995003
7,2022,12,20,0,537.5,5056.5431322439035
4,2023,8,0,126,540.0,3698.2517387222615
7,2023,8,0,0,540.0,3693.2042554098516
5,2023,8,0,198,540.0,3686.0887590614657
2,2023,8,0,0,540.0,3720.922884587533
10,2022,8,0,94,540.0,3686.59011365912
10,2023,8,0,77,540.0,3669.4941536734477
8,2023,8,0,0,540.0,3687.660529574314
2,2023,6,15,0,544.17,2357.778702732561
5,2022,6,15,114,544.17,2349.325879363714
10,2022,1,10,0,544.59,98.59435807334376
8,2022,1,10,0,550.32,109.6818097444193
10,2023,1,10,0,554.16,79.93551871226373
10,2023,4,15,165,559.06,1349.598088714847
2,2022,4,15,133,559.06,1415.54862534922
6,2022,4,15,195,559.06,1387.6738089908758
5,2023,4,15,0,559.06,1392.4858412420726
11,2023,4,15,0,559.06,1359.2234862288533
1,2023,4,15,6,559.16,1414.1091400987789
1,2022,10,0,0,559.9,4693.7871337680335
4,2022,10,0,0,559.9,4677.15595626142
5,2022,10,0,36,559.9,4668.302603513257
12,2022,10,0,119,559.9,4621.865993949272
4,2023,10,0,0,559.9,4658.49711690034
5,2022,10,0,0,559.9,4671.612230425882
10,2022,10,0,0,559.9,4643.893601248194
8,2023,2,10,0,560.16,565.3538123752805
11,2022,2,10,53,560.83,562.5089679417142
2,2022,3,15,0,561.56,953.4450161178247
8,2022,3,15,0,561.56,920.1826611045981
4,2022,4,5,0,562.78,1693.0100716860834
2,2022,8,5,41,565.44,3597.651594007759
6,2023,2,5,142,568.52,701.5474571813465
1,2023,3,0,155,570.03,1340.5626179228857
7,2022,3,0,80,570.03,1332.8541583387196
2,2023,3,0,0,570.03,1349.2686746278341
2,2022,3,0,0,570.03,1367.9275139889141
3,2022,3,0,137,570.03,1349.7888190692101
9,2022,3,0,0,570.03,1329.121433140157
1,2023,3,0,0,570.03,1354.812400463372
1,2022,3,0,0,570.03,1373.471239824452
1,2022,3,0,95,570.03,1364.7375021383486
2,2022,3,0,178,570.03,1351.5632475875827
7,2022,3,0,40,570.03,1336.5315215749724
1,2022,3,0,73,570.03,1366.7600519182888
3,2022,3,0,169,570.03,1346.846928480205
1,2023,3,0,0,570.03,1354.812400463372
3,2022,3,0,0,570.03,1362.3837881533764
2,2023,3,0,8,570.03,1348.5332019805865
1,2022,3,0,103,570.03,1364.002029491101
3,2022,4,20,0,572.22,1284.0712996505317
4,2023,1,5,0,572.54,251.35870634917956
7,2023,3,0,0,574.71,1321.5500454501453
1,2022,3,0,79,574.71,1366.2084474328512
1,2023,3,0,0,574.71,1354.812400463372
7,2023,3,0,26,574.71,1319.1597593465776
9,2022,3,0,0,574.71,1329.121433140157
1,2022,3,0,101,574.71,1364.185897652911
11,2022,3,0,114,574.71,1307.5534962457605
12,2022,3,0,18,574.71,1310.835442177231
9,2023,3,0,0,574.71,1310.462593779077
12,2022,3,0,19,574.71,1310.743508096326
11,2022,3,0,11,574.71,1317.0227065791114
9,2022,3,0,0,574.71,1329.121433140157
1,2022,3,0,0,574.71,1373.471239824452
4,2023,3,0,187,574.71,1320.9895498272745
7,2023,3,0,14,574.71,1320.26296831746
7,2023,1,5,25,574.84,232.4291768199182
9,2022,6,10,0,576.18,2475.7922938685806
9,2023,5,10,167,588.69,1967.449621004198
10,2023,5,10,0,588.69,1977.2588866800215
3,2023,5,10,0,588.69,2016.0649675287787
11,2023,4,10,0,592.06,1497.3843188525498
10,2023,4,10,94,592.06,1494.286241082882
5,2022,4,0,142,592.4,1812.5725389855434
8,2023,4,0,83,592.4,1782.7066328913206
4,2022,4,0,0,592.4,1831.1709043097799
10,2022,4,0,119,592.4,1786.968393668707
2,2022,5,20,0,592.4,1763.9458674780035
5,2022,5,20,0,592.4,1747.3146899713975
5,2023,4,0,0,592.4,1806.968339113162
8,2023,4,0,58,592.4,1785.0049849139832
1,2023,4,0,177,592.4,1812.8709101348868
4,2023,4,0,102,592.4,1803.134788696254
5,2022,4,0,0,592.4,1825.627178474242
1,2022,4,0,0,592.4,1847.802081816386
12,2023,4,0,0,592.4,1768.162258264405
9,2023,4,0,92,592.4,1776.3355003276301
3,2022,3,10,0,594.59,1086.0621229059834
10,2022,3,10,16,594.59,1045.7850967627237
2,2022,3,10,195,594.59,1073.6787029647821
3,2023,3,10,50,594.59,1062.8065794995855
6,2022,3,10,0,594.59,1069.43094539937
4,2023,8,0,145,595.2,3696.5049911850365
4,2023,8,0,0,595.2,3709.8354329164576
10,2023,8,0,0,595.2,3676.5730779032383
7,2022,8,0,107,595.2,3702.026148113946
9,2023,8,0,99,595.2,3673.0153297290453
4,2023,8,0,0,595.2,3709.8354329164576
6,2022,8,0,0,595.2,3717.406820606462
7,2022,8,0,0,595.2,3711.8630947709244
2,2023,8,0,0,595.2,3720.922884587533
11,2022,8,0,0,595.2,3689.6881914287806
1,2023,8,0,146,595.2,3713.0442346107448
10,2022,8,0,0,595.2,3695.2319172643183
1,2024,1,0,102,596.49,378.11460086596344
1,2023,1,0,103,596.49,396.6815061461384
2,2023,2,0,0,596.64,874.9378326358928
12,2022,2,0,50,596.64,833.5627095962845
12,2023,2,0,121,596.64,808.3765504908588
11,2023,2,0,0,596.64,825.0443001160602
2,2023,2,0,0,596.64,874.9378326358928
1,2022,2,0,0,596.64,899.1403978325106
3,2022,2,0,0,596.64,888.0529461614351
12,2022,2,0,199,596.64,819.8645315412432
7,2022,2,0,24,596.64,863.6716248775338
12,2022,2,0,61,596.64,832.5514347063145
8,2022,2,0,147,596.64,846.8200070905223
11,2022,2,0,133,596.64,831.4759067165942
5,2022,7,20,0,597.52,2695.9763739552727
5,2023,7,20,8,597.52,2676.582061946945
11,2022,7,20,0,597.52,2662.7140189420534
3,2023,2,0,162,598.44,854.5007856935263
6,2022,2,0,0,598.44,871.4217686548218
3,2022,2,0,0,598.44,888.0529461614351
6,2022,1,0,0,602.67,397.0909266628878
9,2023,1,0,0,602.67,361.80090979519446
7,2023,1,0,191,602.67,355.3289520131584
12,2023,1,0,24,602.67,342.9633143468309
8,2022,1,0,0,602.67,386.00347499181225
9,2022,1,0,54,602.67,375.4953087873291
8,2022,1,0,0,602.67,386.00347499181225
9,2022,1,0,43,605.1,376.5065836772992
12,2022,1,0,0,605.1,363.82857164966117
6,2023,1,0,199,605.1,360.1372052014485
1,2023,1,0,0,605.1,406.15071647948935
3,2023,1,0,62,605.1,389.3633517922208
6,2023,9,0,7,607.5,4172.435284670981
9,2022,9,0,79,607.5,4167.843692700197
7,2023,9,0,0,607.5,4167.535097401786
4,2023,9,0,0,607.5,4184.166274908399
3,2023,4,15,0,607.99,1403.5732929131482
7,2022,4,15,7,607.99,1399.4136903657345
9,2022,6,5,0,608.19,2613.953126492277
10,2022,1,0,156,611.47,360.57430669934547
2,2022,1,0,0,611.47,419.2658300050316
4,2022,1,0,21,611.47,406.24776263492095
5,2022,1,0,0,611.47,402.6346524984183
12,2022,1,0,0,611.47,363.82857164966117
3,2023,1,0,0,611.47,395.0632648084138
9,2022,1,0,0,615.73,380.4597491562745
1,2022,1,0,121,615.73,413.68553205090575
11,2023,1,0,58,615.73,345.38128143155336
11,2023,1,0,156,615.73,336.3717415027277
9,2023,1,0,185,615.73,344.79310482752044
10,2022,11,0,0,615.89,5118.2244432401385
3,2022,5,5,180,621.39,2156.3365049504137
6,2023,2,0,106,622.4,843.0179167176684
12,2022,2,0,0,622.4,838.1594136416024
6,2022,2,0,0,622.4,871.4217686548218
7,2022,2,0,162,622.4,850.9847217124552
7,2023,2,0,0,622.4,847.219203458204
5,2022,2,0,147,622.4,863.4511845971283
6,2023,2,0,0,622.4,852.7629292937418
2,2023,3,0,147,623.04,1335.7543647346029
1,2023,3,0,0,623.04,1354.812400463372
8,2023,3,0,0,623.04,1316.0063196146075
7,2022,3,0,192,623.04,1322.5575412772087
2,2022,3,0,0,623.04,1367.9275139889141
4,2022,2,0,0,623.14,882.5092203258973
7,2023,2,0,94,623.14,838.5773998530058
12,2022,2,0,0,623.14,838.1594136416024
6,2022,2,0,0,623.14,871.4217686548218
3,2023,2,0,169,623.14,853.8572471271837
6,2023,2,0,0,623.14,852.7629292937418
10,2023,2,0,0,623.14,830.588025951598
7,2022,2,0,137,623.14,853.2830737351178
1,2023,2,0,0,623.14,880.4815584714306
2,2022,2,0,48,623.14,889.1838361134651
1,2022,2,0,183,623.14,882.316461026654
11,2023,2,0,0,623.14,825.0443001160602
3,2022,2,0,31,623.14,885.202989653335
1,2023,4,5,0,624.83,1690.9824098316094
4,2023,4,5,35,624.95,1671.133539493283
5,2022,6,20,171,627.94,2205.924804128357
2,2022,5,15,0,629.42,1902.1067001017
6,2023,10,15,83,632.4,4225.296638642947
12,2023,2,15,168,633.59,389.5731508171666
8,2023,2,15,0,633.59,427.19297975158406
1,2023,2,15,6,633.59,465.4474561149036
1,2022,7,15,0,634.86,2856.3121099211203
3,2023,9,5,0,636.12,4051.54916812024
9,2022,1,10,103,639.89,94.6688735755306
2,2022,6,0,0,640.2,2790.9200399647307
6,2022,6,0,0,640.2,2768.745136622587
5,2022,6,0,0,640.2,2774.2888624581246
4,2022,6,0,0,640.2,2779.832588293655
1,2023,6,0,170,640.2,2762.176132685112
10,2022,6,0,0,640.2,2746.570233280436
4,2023,6,0,0,640.2,2761.173748932575
2,2022,6,0,0,640.2,2790.9200399647307
9,2022,6,0,11,640.2,2751.1026842260035
6,2023,6,0,4,640.2,2749.7185609378794
5,2022,6,0,0,640.2,2774.2888624581246
1,2022,4,10,34,643.75,1568.3546578181777
5,2022,4,10,156,643.75,1534.963796605458
5,2023,2,15,182,647.34,427.0921545332385
7,2022,1,20,0,648.25,-161.0961296674359
4,2023,1,5,173,653.02,235.45411035238067
2,2022,5,0,121,654.1,2305.465174183126
3,2022,5,0,0,654.1,2311.045472137259
1,2022,5,0,111,654.1,2311.9282408277213
2,2022,5,0,0,654.1,2316.5891979727894
3,2023,5,0,78,654.1,2285.215774465476
8,2022,5,0,107,654.1,2273.4898963025917
9,2022,5,0,150,654.1,2263.9930049880786
10,2023,5,0,0,654.1,2253.5805519274145
7,2022,5,0,0,654.1,2288.870568795108
8,2022,5,0,0,654.1,2283.32684295957
9,2023,5,0,0,654.1,2259.1242777629523
7,2022,5,0,50,654.1,2284.27386474979
1,2023,5,0,22,654.1,2301.451534667307
1,2023,5,0,0,654.1,2303.474084447247
10,2022,5,0,0,654.1,2272.2393912884945
7,2022,5,0,125,654.1,2277.3788086818167
9,2022,4,0,16,657.72,1801.9813298375884
9,2023,4,0,0,657.72,1784.793435771011
5,2022,4,0,0,657.72,1825.627178474242
5,2023,4,0,99,657.72,1797.8668651034313
6,2022,4,0,0,657.72,1820.0834526387043
7,2022,4,0,0,657.72,1814.5397268031666
6,2022,4,0,0,657.72,1820.0834526387043
7,2023,4,0,0,657.72,1795.8808874420865
4,2023,4,0,149,657.72,1798.8138868936585
12,2022,4,0,92,657.72,1778.3631621821041
6,2022,5,20,13,657.84,1740.5758210840795
4,2022,4,0,199,657.84,1812.8760222094206
1,2022,4,0,0,657.84,1847.802081816386
11,2022,4,0,26,657.84,1789.9745373574551
11,2023,4,0,182,657.84,1756.9739813749911
4,2023,4,0,186,657.84,1795.4123259001208
11,2023,4,0,0,657.84,1773.7059840999427
12,2023,4,0,17,657.84,1766.5993788889973
7,2023,4,0,97,657.84,1786.9632815941732
10,2023,4,0,102,657.84,1769.8724336830273
1,2023,4,0,111,657.84,1818.9385594747
10,2022,4,0,162,657.84,1783.0152281897317
2,2022,4,0,145,657.84,1828.9279142494343
5,2023,3,0,0,660.66,1332.6374971212208
4,2022,3,0,62,660.66,1351.1401493016456
9,2023,3,0,0,660.66,1310.462593779077
2,2022,3,0,0,660.66,1367.9275139889141
5,2023,3,0,29,660.66,1329.971408774938
5,2022,3,0,53,660.66,1346.4238301942678
5,2022,3,0,36,660.66,1347.9867095696754
8,2023,3,0,0,660.66,1316.0063196146075
5,2022,4,20,0,664.58,1272.9838479794562
5,2023,6,15,196,667.18,2323.128445368311
2,2023,9,0,0,669.6,4195.2537265794745
4,2023,9,0,0,669.6,4184.166274908399
2,2023,9,0,0,669.6,4195.2537265794745
11,2022,9,0,0,669.6,4164.019033420722
7,2023,10,10,0,669.6,4365.544274146334
5,2022,9,0,0,669.6,4197.281388433941
6,2022,2,10,120,670.86,584.0680136986703
9,2023,12,0,177,671.88,5563.167839386111
3,2022,12,0,6,671.88,5630.809761595399
10,2023,12,0,0,671.88,5573.896445870996
5,2023,12,0,0,671.88,5601.615075048681
12,2022,10,0,16,675.0,4631.335204282623
7,2023,10,0,0,675.0,4641.865939393727
12,2022,10,0,119,675.0,4621.865993949272
1,2022,4,5,192,679.52,1691.9899056586728
4,2023,2,10,0,685.42,587.5287157174243
11,2022,1,0,0,687.39,369.37229748519894
8,2023,1,0,0,687.39,367.3446356307322
12,2022,1,0,173,687.39,347.9239756528623
7,2023,1,0,139,687.39,360.1095242202864
10,2022,1,0,22,687.39,372.89347354079655
4,2022,1,0,0,687.39,408.17837833395606
12,2023,1,0,0,687.39,345.16973228858114
4,2022,1,0,0,687.39,408.17837833395606
12,2023,1,0,44,687.39,341.1246327287008
7,2022,13,5,0,691.48,5945.356472106931
10,2022,5,15,0,698.83,1857.756893417405
8,2022,5,15,133,698.83,1856.6171123279346
8,2023,5,15,122,698.96,1838.9695478568246
7,2022,5,15,181,698.96,1857.7480022799718
12,2022,2,20,68,700.21,279.26456564518594
3,2023,5,5,0,703.47,2154.2258001524824
9,2022,5,5,7,703.47,2138.978745933993
2,2023,4,20,34,704.7,1267.8304273741742
4,2023,6,10,189,706.43,2467.4765423938807
11,2023,1,0,0,710.99,350.7134581241189
8,2022,1,0,162,710.99,371.11015388498345
9,2022,1,0,0,710.99,380.4597491562745
9,2022,1,0,0,710.99,380.4597491562745
3,2023,4,0,0,715.28,1818.0557907842376
3,2023,4,0,149,715.28,1804.3576127291963
5,2023,4,0,0,715.28,1806.968339113162
2,2022,4,0,0,715.28,1842.2583559808554
2,2023,4,0,0,715.28,1823.5995166197754
2,2022,4,0,0,715.28,1842.2583559808554
1,2022,4,0,0,715.28,1847.802081816386
5,2023,4,0,0,715.28,1806.968339113162
4,2023,4,0,0,715.28,1812.5120649486998
4,2023,4,0,195,715.28,1794.5849191719608
5,2022,4,0,0,715.28,1825.627178474242
2,2023,4,0,0,715.28,1823.5995166197754
10,2022,4,0,32,715.28,1794.9666587075553
8,2022,4,5,0,722.04,1670.8351683439323
3,2022,4,5,0,722.04,1698.5537975216212
5,2023,2,5,0,723.5,720.145822505583
5,2022,2,5,0,723.5,738.8046618666631
12,2023,13,0,0,727.87,6037.139836191862
8,2023,13,0,0,727.87,6059.314739534013
6,2022,13,0,48,727.87,6084.648194682661
12,2023,13,0,85,727.87,6029.325439314824
4,2022,4,5,68,727.97,1686.7585541844528
6,2023,4,5,158,727.97,1648.7381958707265
4,2023,12,10,0,729.0,5330.837135636826
6,2022,7,20,156,732.59,2676.090931498351
11,2023,1,0,58,734.67,345.38128143155336
3,2022,1,0,64,734.67,407.8383229914907
4,2023,1,0,87,734.67,381.5212739340277
5,2022,1,0,0,734.67,402.6346524984183
12,2022,1,0,185,734.67,346.82076668198715
3,2023,5,10,0,740.07,2016.0649675287787
3,2023,5,10,0,740.07,2016.0649675287787
8,2023,5,10,181,740.07,1971.7062697070505
7,2022,5,0,175,740.5,2272.782104636499
11,2022,5,0,0,740.5,2266.6956654529567
4,2023,5,0,0,740.5,2286.842906940641
11,2022,5,0,0,740.5,2266.6956654529567
1,2022,5,0,0,740.5,2322.132923808327
8,2023,5,0,15,740.5,2263.2889923848925
3,2023,5,0,0,740.5,2292.3866327761716
10,2023,5,0,68,740.5,2247.329034425784
3,2023,5,0,55,740.5,2287.330258326321
10,2023,5,0,191,740.5,2236.021142474303
3,2022,5,0,0,740.5,2311.045472137259
1,2022,5,0,116,740.5,2311.468570423189
8,2022,5,0,0,740.5,2283.32684295957
3,2022,5,0,0,740.5,2311.045472137259
2,2022,5,0,81,740.5,2309.1425374193786
12,2022,11,0,0,742.5,5107.136991569063
10,2022,11,0,0,742.5,5118.2244432401385
5,2022,10,0,85,744.0,4663.797833548844
3,2022,10,0,0,744.0,4682.699682096958
3,2022,10,0,0,744.0,4682.699682096958
4,2022,2,0,150,745.4,868.7191081899437
5,2023,2,0,0,745.4,858.3066551292795
4,2022,2,0,0,745.4,882.5092203258973
12,2022,2,0,0,745.4,838.1594136416024
5,2022,2,0,0,745.4,876.9654944903596
2,2022,2,0,0,745.4,893.5966719969729
4,2022,2,0,74,745.4,875.7060983388292
10,2022,2,0,0,745.4,849.246865312678
1,2022,6,5,0,745.67,2658.302933176572
2,2023,3,20,0,746.88,796.6253441330482
5,2022,3,20,82,746.88,791.1144113531918
12,2022,7,0,0,746.9,3209.8136236013015
10,2022,7,0,193,746.9,3203.1577976574554
3,2023,7,0,1,746.9,3240.956382679149
7,2022,7,0,61,746.9,3231.9242738437024
12,2022,7,0,0,746.9,3209.8136236013015
3,2023,7,0,55,746.9,3235.9919423102037
1,2022,7,0,90,746.9,3262.520540510639
3,2022,7,0,130,746.9,3247.7557256033106
12,2022,7,0,5,746.9,3209.353953196769
12,2023,7,0,0,746.9,3191.1547842402215
5,2023,7,0,76,746.9,3222.9738749401004
3,2023,7,0,0,746.9,3241.048316760054
10,2022,7,0,191,746.9,3203.3416658192655
1,2023,7,0,137,746.9,3239.5407993469635
12,2023,7,0,37,746.9,3187.753223246684
4,2022,7,0,112,746.9,3243.8668132240855
12,2023,7,0,31,746.9,3188.3048277321213
11,2023,7,0,50,746.9,3192.1018060304414
3,2022,7,0,104,746.9,3250.146011706878
7,2022,7,0,0,746.9,3237.5322527789904
1,2024,3,20,128,747.77,771.7426682514924
4,2023,3,20,0,747.77,785.5378924619727
5,2023,4,15,43,748.75,1388.5326757630974
5,2023,4,15,125,748.75,1380.9940811287815
7,2023,1,10,0,750.71,96.56669621887704
10,2023,1,10,32,750.71,76.99362812325853
7,2023,6,15,0,755.31,2330.0600735548796
10,2023,1,20,172,759.52,-212.19880845102307
8,2023,5,20,0,760.04,1712.0246731037041
6,2022,4,0,180,760.04,1803.5353180755628
7,2022,4,0,0,760.04,1814.5397268031666
11,2023,4,0,91,760.04,1765.339982737467
1,2023,4,0,0,760.04,1829.1432424553059
3,2023,4,0,197,760.04,1799.9447768456885
2,2023,4,0,0,760.04,1823.5995166197754
10,2023,4,0,0,760.04,1779.2497099354732
6,2023,4,0,76,760.04,1794.437623128746
1,2022,5,20,3,760.04,1769.2137910708188
10,2023,4,0,0,760.04,1779.2497099354732
3,2023,3,15,0,760.72,929.2424509212069
3,2023,2,0,0,761.58,869.3941068003551
6,2023,2,0,163,761.58,837.7776741060079
5,2023,2,0,0,761.58,858.3066551292795
10,2023,2,0,0,761.58,830.588025951598
5,2022,2,0,14,761.58,875.6784173576743
3,2023,2,0,0,761.58,869.3941068003551
11,2022,2,0,14,761.58,842.416062344455
2,2023,3,15,134,763.01,922.4670099152936
5,2023,4,0,144,766.28,1793.729831462646
11,2023,4,0,95,766.28,1764.9722464138395
6,2023,4,0,38,766.28,1797.9311182031815
6,2023,4,0,127,766.28,1789.7489850025158
8,2022,4,0,0,766.28,1808.9960009676288
8,2023,4,0,28,766.28,1787.763007341171
5,2022,4,0,73,766.28,1818.915990568079
10,2023,4,0,0,766.28,1779.2497099354732
10,2022,4,0,0,766.28,1797.9085492965605
7,2022,4,0,0,766.28,1814.5397268031666
2,2022,4,0,0,766.28,1842.2583559808554
10,2023,4,0,175,766.28,1763.1612457768642
1,2022,4,0,0,766.28,1847.802081816386
7,2023,4,0,167,766.28,1780.5278959307252
10,2022,4,0,64,766.28,1792.0247681185574
8,2022,5,20,0,766.28,1730.6835124647841
4,2022,4,0,37,766.28,1827.7693433162422
11,2023,4,0,0,766.28,1773.7059840999427
6,2022,4,0,28,766.28,1817.5092983733266
3,2023,4,0,0,766.28,1818.0557907842376
11,2022,4,0,86,766.28,1784.4584925030795
11,2022,4,0,7,766.28,1791.7212848946801
3,2022,4,0,26,766.28,1834.32434404175
6,2022,4,0,13,766.28,1818.8883095869242
10,2022,4,0,0,766.28,1797.9085492965605
9,2022,4,0,0,766.28,1803.452275132091
11,2022,1,10,182,780.76,76.31862951285439
6,2023,1,10,0,780.76,102.11042205441481
7,2022,5,5,0,781.04,2150.7097361714114
12,2022,6,0,0,784.92,2735.4827816093602
2,2023,6,0,0,784.92,2772.2612006036507
2,2022,6,0,0,784.92,2790.9200399647307
7,2022,6,0,0,784.92,2763.201410787049
11,2022,6,0,0,784.92,2741.026507444898
9,2022,6,0,0,784.92,2752.1139591159736
2,2023,6,0,0,784.92,2772.2612006036507
2,2023,6,0,0,784.92,2772.2612006036507
11,2023,6,0,0,784.92,2722.367668083818
2,2022,6,0,0,784.92,2790.9200399647307
10,2023,6,0,0,784.92,2727.9113939193558
6,2022,6,0,2,784.92,2768.561268460777
12,2022,6,0,158,784.92,2720.957196826159
4,2022,6,0,17,784.92,2778.2697089182475
8,2022,6,0,0,784.92,2757.6576849515113
12,2023,6,0,110,784.92,2706.7111933485794
7,2023,6,0,0,784.92,2744.542571425969
9,2023,6,0,0,784.92,2733.4551197548935
7,2022,6,0,0,784.92,2763.201410787049
3,2022,1,0,0,787.32,413.72210416949383
12,2023,1,0,83,787.32,337.539203573353
5,2023,1,0,173,787.32,368.0712171405394
1,2022,2,10,0,787.73,622.8187325851177
9,2023,6,20,39,789.26,2177.22636010476
1,2022,6,20,0,789.26,2243.8204353054825
8,2023,6,20,116,789.41,2175.691161710507
4,2023,6,20,0,789.41,2208.530418437789
3,2022,1,5,49,792.41,271.0565015813845
3,2022,4,10,0,792.79,1560.3929648979247
7,2023,3,15,0,794.5,907.0675475790558
4,2023,12,10,38,803.52,5327.343640562387
12,2023,3,10,89,805.46,1009.327617824405
10,2022,3,10,0,805.46,1047.2560420572263
6,2022,3,10,0,805.46,1069.43094539937
12,2023,1,15,158,806.99,-83.83835036570963
2,2022,1,15,63,806.99,-1.0085149631559034
5,2022,5,15,43,807.54,1881.5223571161187
10,2022,3,10,0,807.89,1047.2560420572263
4,2023,3,10,122,807.89,1050.6435998387897
8,2023,12,0,76,810.0,5577.99690739319
3,2022,12,0,131,810.0,5619.318001482105
11,2022,1,0,0,810.31,369.37229748519894
10,2022,1,0,0,810.31,374.9160233207367
12,2023,1,0,0,810.31,345.16973228858114
12,2023,1,0,45,810.31,341.03269864779577
5,2022,1,0,0,810.31,402.6346524984183
11,2023,5,0,15,822.15,2246.657814878279
9,2022,5,0,0,822.15,2277.7831171240323
11,2022,5,0,0,822.15,2266.6956654529567
11,2022,5,0,0,822.15,2266.6956654529567
7,2022,5,0,131,822.15,2276.827204196379
1,2022,5,0,0,822.15,2322.132923808327
7,2022,5,0,0,822.15,2288.870568795108
8,2023,5,0,47,822.15,2260.3471017958946
5,2023,5,0,0,822.15,2281.2991811051033
10,2023,5,0,0,822.15,2253.5805519274145
2,2022,5,0,0,822.15,2316.5891979727894
2,2022,5,0,81,822.15,2309.1425374193786
10,2022,5,0,0,822.15,2272.2393912884945
10,2022,5,0,0,822.15,2272.2393912884945
10,2022,5,0,0,822.15,2272.2393912884945
5,2022,5,0,153,822.15,2285.8921060875145
2,2023,5,0,0,822.15,2297.9303586117094
3,2022,5,0,0,822.15,2311.045472137259
9,2022,5,0,0,822.15,2277.7831171240323
2,2023,5,0,0,822.15,2297.9303586117094
7,2022,5,0,0,822.3,2288.870568795108
7,2022,5,0,0,822.3,2288.870568795108
7,2023,5,0,0,822.3,2270.211729434028
3,2023,5,0,0,822.3,2292.3866327761716
2,2022,5,0,0,822.3,2316.5891979727894
12,2023,5,0,188,822.3,2225.209493045957
9,2022,5,0,0,822.3,2277.7831171240323
12,2023,5,0,0,822.3,2242.493100256346
2,2023,5,0,0,822.3,2297.9303586117094
2,2022,5,0,132,822.3,2304.4538992931557
3,2023,5,0,0,822.3,2292.3866327761716
8,2023,5,0,0,822.3,2264.66800359849
12,2023,5,0,0,822.3,2242.493100256346
4,2023,5,0,0,822.3,2286.842906940641
9,2022,5,0,0,822.3,2277.7831171240323
3,2023,5,0,0,822.3,2292.3866327761716
10,2023,5,0,0,822.3,2253.5805519274145
3,2023,1,15,41,824.68,-23.188530379833537
8,2023,7,20,42,829.36,2656.8251256895237
3,2023,7,20,0,829.36,2688.4049862652682
11,2023,2,20,0,830.54,272.40096962127427
5,2023,4,0,0,830.72,1806.968339113162
7,2023,2,10,14,830.72,569.6104610781258
1,2022,2,10,38,830.72,619.3252375106749
2,2023,4,0,0,830.72,1823.5995166197754
1,2022,4,0,0,830.72,1847.802081816386
6,2023,4,0,162,830.72,1786.5312921707955
2,2023,4,0,0,830.72,1823.5995166197754
10,2023,4,0,86,830.72,1771.34337897753
1,2022,4,0,0,830.72,1847.802081816386
2,2023,4,0,0,830.72,1823.5995166197754
2,2022,4,0,0,830.72,1842.2583559808554
11,2023,4,0,10,830.72,1772.7866432908777
10,2022,2,10,0,830.72,572.925200065285
8,2022,4,0,152,830.72,1795.022020669865
3,2022,4,0,0,830.72,1836.7146301453176
12,2022,4,0,0,830.72,1786.821097625485
6,2023,4,0,13,830.72,1800.2294702258441
1,2022,2,10,39,830.72,619.2333034297699
12,2022,1,0,0,834.12,363.82857164966117
7,2022,4,5,51,836.84,1671.6902560532471
5,2023,4,5,187,836.84,1651.6158333599815
10,2023,8,20,0,837.25,3123.9297474084524
3,2023,6,15,137,838.59,2339.640007812857
7,2022,3,10,0,840.24,1063.8872195638323
6,2023,3,10,0,840.24,1050.77210603829
3,2023,3,10,0,841.24,1067.4032835449034
10,2022,3,10,82,841.24,1039.7174474229032
7,2023,6,5,69,844.17,2600.038287219737
6,2022,2,5,0,846.92,733.2609360311253
6,2023,5,5,0,849.4,2137.594622645869
1,2022,8,0,97,853.6,3736.2078439362376
3,2022,8,0,194,853.6,3716.2027864172487
12,2023,8,0,150,853.6,3651.695514096209
2,2022,8,0,0,853.6,3739.581723948613
6,2022,8,0,153,853.6,3703.3409062277933
6,2022,8,0,0,853.6,3717.406820606462
11,2023,8,0,0,853.6,3671.0293520677005
5,2022,8,0,146,853.6,3709.5281706296737
10,2022,1,10,109,854.46,88.57354325455526
4,2022,5,10,0,855.04,2029.1800810543282
7,2022,6,20,0,858.34,2210.558080292263
6,2022,6,20,119,858.34,2205.1616504999474
4,2022,5,10,148,862.06,2015.5738370801919
10,2023,5,10,0,862.06,1977.2588866800215
6,2023,1,0,20,867.51,376.5934056836777
2,2023,1,0,0,867.51,400.6069906439516
2,2022,7,5,99,869.95,3117.9885753232447
12,2023,2,0,61,875.26,813.8925953452344
2,2023,2,0,0,875.26,874.9378326358928
6,2023,2,0,0,875.26,852.7629292937418
3,2023,2,5,179,876.87,714.7770736944221
6,2023,13,0,0,877.5,6070.402191205085
4,2022,4,0,0,880.88,1831.1709043097799
4,2022,4,0,136,880.88,1818.6678693065187
4,2023,4,0,0,880.88,1812.5120649486998
8,2023,4,0,0,880.88,1790.3371616065488
6,2023,4,0,0,880.88,1801.4246132776243
10,2022,4,0,0,880.88,1797.9085492965605
5,2023,4,0,0,880.88,1806.968339113162
5,2023,4,0,0,880.88,1806.968339113162
12,2022,4,0,0,880.88,1786.821097625485
6,2022,4,0,127,880.88,1808.4078243635959
3,2022,4,0,93,880.88,1828.1647606210245
6,2022,4,0,0,880.88,1820.0834526387043
1,2022,4,0,0,880.88,1847.802081816386
11,2022,5,20,21,880.88,1712.1217192591357
3,2022,4,0,0,880.88,1836.7146301453176
7,2023,4,0,0,880.88,1795.8808874420865
4,2022,7,15,128,881.2,2827.9133700584935
3,2022,7,15,28,881.2,2842.650503984667
6,2023,7,15,86,881.2,2802.0283104244154
2,2023,2,15,174,882.45,444.4588046870995
2,2023,3,5,0,886.92,1211.1078420041376
1,2023,6,10,8,887.92,2500.747788544548
4,2023,6,10,43,888.08,2480.898918206207
3,2022,6,0,8,888.6,2784.6408414819452
6,2023,6,0,198,888.6,2731.8833492420526
5,2023,6,0,1,888.6,2755.5380890161396
3,2022,6,0,0,888.6,2785.376314129193
1,2022,6,0,24,888.6,2794.257347858518
5,2023,6,0,90,888.6,2747.355955815474
8,2022,6,0,0,888.6,2757.6576849515113
1,2023,6,0,0,888.6,2777.8049264391884
10,2023,2,0,0,891.5,830.588025951598
2,2023,2,0,132,891.5,862.8025339562591
5,2022,5,0,0,894.1,2299.9580204661834
11,2022,5,0,120,894.1,2255.663575744198
5,2022,5,0,43,894.1,2296.004854987208
1,2022,5,0,187,894.1,2304.941250678843
5,2022,5,0,83,894.1,2292.3274917509552
9,2022,5,0,0,894.1,2277.7831171240323
4,2022,5,0,0,894.1,2305.501746301721
2,2022,5,0,0,894.1,2316.5891979727894
6,2022,5,0,136,894.1,2281.9112596273844
4,2023,5,0,92,894.1,2278.3849714972603
11,2022,5,0,128,894.1,2254.9281030969432
12,2023,5,0,0,894.1,2242.493100256346
10,2022,5,0,0,894.1,2272.2393912884945
6,2023,5,0,0,894.1,2275.7554552695656
11,2022,5,0,122,894.1,2255.479707582381
10,2023,5,0,55,894.1,2248.524177477564
5,2023,5,0,0,894.1,2281.2991811051033
4,2023,5,0,0,894.1,2286.842906940641
8,2022,3,0,92,894.96,1326.2072235323067
7,2023,3,0,0,894.96,1321.5500454501453
5,2022,3,0,69,894.96,1344.9528848997652
11,2023,3,0,13,894.96,1298.1799990562213
3,2023,3,0,147,894.96,1330.210638899065
1,2023,3,0,0,894.96,1354.812400463372
3,2023,3,0,29,894.96,1341.0588604460136
9,2022,3,0,0,894.96,1329.121433140157
11,2023,3,0,39,894.96,1295.7897129526536
4,2023,3,0,111,894.96,1327.9765399761527
10,2022,3,0,0,894.96,1323.5777073046193
11,2023,3,0,104,894.96,1289.8139976937455
11,2023,3,0,0,894.96,1299.3751421080015
4,2023,3,0,184,897.66,1321.2653520699896
6,2023,3,0,134,897.66,1314.774604444232
12,2022,3,0,45,897.66,1308.3532219927583
2,2022,3,0,172,897.66,1352.1148520730203
4,2022,3,0,38,897.66,1353.3465672433958
2,2022,3,0,18,897.66,1366.2727005326014
7,2023,3,0,118,897.66,1310.7018239031968
1,2022,3,0,0,897.66,1373.471239824452
2,2023,3,0,0,897.66,1349.2686746278341
11,2023,3,0,0,897.66,1299.3751421080015
4,2023,3,0,120,897.66,1327.149133248
4,2023,3,0,99,897.66,1329.0797489470278
5,2022,2,15,153,900.17,448.4170822406013
5,2022,2,15,24,900.17,460.27657867751986
11,2023,1,5,0,901.93,212.55262550042244
6,2023,1,5,61,901.93,234.66327574282332
12,2023,5,5,0,902.55,2104.3322676326497
11,2022,5,5,0,902.55,2128.5348328292603
3,2023,5,5,0,902.55,2154.2258001524824
6,2023,5,5,0,909.96,2137.594622645869
1,2023,6,15,13,911.98,2362.127285516319
7,2022,6,20,133,912.05,2198.330847531717
11,2023,9,5,0,912.28,4007.1993614359453
11,2022,7,0,183,915.74,3198.5334126309826
8,2023,7,0,0,915.74,3213.3296875823726
10,2022,7,0,114,915.74,3210.420590049056
3,2022,7,0,57,915.74,3254.4669135094737
6,2022,7,0,0,915.74,3243.075978614528
9,2023,7,0,0,915.74,3207.785961746835
9,2023,7,0,47,915.74,3203.4650599442393
4,2022,7,0,0,915.74,3254.1634302855964
7,2022,7,0,188,915.74,3220.248645568601
11,2022,7,0,152,915.74,3201.3833691390755
4,2023,7,0,18,915.74,3233.8497774682037
12,2022,7,0,165,915.74,3194.6445002517576
3,2022,7,0,150,915.74,3245.9170439851805
8,2022,7,0,168,915.74,3216.543601351186
8,2023,1,5,98,917.68,220.17426307821734
9,2023,13,5,165,918.84,5900.441057725231
9,2022,2,0,0,923.02,854.7905911482158
12,2022,2,0,0,923.02,838.1594136416024
7,2023,2,0,0,923.02,847.219203458204
7,2022,2,0,0,923.02,865.878042819284
4,2023,2,0,121,923.02,852.7263571751537
10,2022,2,0,50,923.02,844.6501612673601
12,2022,2,0,0,923.02,838.1594136416024
5,2022,2,0,162,923.02,862.0721733835308
1,2022,2,0,79,923.02,891.87760544091
8,2022,3,0,0,933.6,1334.6651589756875
3,2022,3,0,0,933.6,1362.3837881533764
3,2022,3,0,161,933.6,1347.5824011274526
1,2022,3,0,33,933.6,1370.4374151545417
2,2022,3,0,0,933.6,1367.9275139889141
4,2022,3,0,82,933.6,1349.3014676835155
8,2023,3,0,0,933.6,1316.0063196146075
1,2023,3,0,177,933.6,1338.5400681429528
3,2022,3,0,105,933.6,1352.730709658208
3,2023,2,10,47,934.36,588.7515397503666
9,2022,5,10,0,934.56,2001.4614518766393
3,2022,3,0,0,934.71,1362.3837881533764
5,2022,3,0,0,934.71,1351.2963364823008
9,2023,3,0,60,934.71,1304.946548924694
8,2023,3,0,90,934.71,1307.7322523330367
4,2023,3,0,96,934.71,1329.3555511897503
9,2022,3,0,31,934.71,1326.2714766320569
2,2022,3,0,63,934.71,1362.135666891816
12,2022,3,0,162,934.71,1297.596934526715
7,2022,3,0,0,934.71,1340.2088848112253
5,2022,3,0,0,934.71,1351.2963364823008
12,2023,3,0,110,934.71,1283.7186673727629
6,2023,3,0,7,934.71,1326.4502327193404
2,2023,3,0,92,934.71,1340.8107391844533
10,2023,3,0,62,934.71,1299.2189549273462
3,2022,3,0,0,934.71,1362.3837881533764
11,2022,3,0,0,934.71,1318.0339814690815
8,2022,3,0,0,934.71,1334.6651589756875
7,2023,3,0,114,934.71,1311.0695602268243
2,2023,3,0,0,934.71,1349.2686746278341
6,2023,6,5,155,937.42,2597.675682097324
6,2022,6,5,183,937.42,2613.7603671930337
9,2022,14,0,0,945.0,6546.760695051496
8,2022,1,0,0,949.4,386.00347499181225
7,2022,1,0,0,949.4,391.54720082735
12,2022,1,0,24,949.4,361.6221537079109
9,2022,1,0,31,949.4,377.60979264817433
9,2022,1,0,0,949.4,380.4597491562745
11,2023,1,0,122,949.4,339.49750025354297
8,2022,1,0,73,949.4,379.29228708564915
8,2022,1,0,111,949.4,375.7987920112064
9,2022,1,0,11,949.4,379.4484742663044
12,2023,5,0,126,950.05,2230.90940606215
8,2022,5,0,0,950.05,2283.32684295957
8,2022,5,0,10,950.05,2282.407502150505
11,2022,5,0,194,950.05,2248.86045375713
1,2023,5,0,0,950.05,2303.474084447247
3,2023,5,0,0,950.05,2292.3866327761716
8,2023,5,0,0,950.05,2264.66800359849
4,2022,5,0,0,950.05,2305.501746301721
8,2023,5,0,0,950.05,2264.66800359849
1,2022,5,0,85,950.05,2314.318526931289
2,2022,5,0,48,950.05,2312.1763620892816
9,2023,5,0,27,950.05,2256.6420575784796
2,2023,5,0,106,950.05,2288.185346035636
11,2022,5,0,0,950.05,2266.6956654529567
12,2023,5,0,139,950.05,2229.7142630103626
1,2023,1,0,0,951.21,406.15071647948935
6,2023,1,0,14,951.21,377.14501016912254
3,2023,1,0,0,951.21,395.0632648084138
9,2023,17,0,155,951.83,7936.84459912575
6,2022,2,20,198,954.38,300.5754901405817
4,2022,2,20,0,954.38,329.8658898311114
1,2023,2,20,0,954.38,327.8382279766447
6,2022,4,20,0,954.62,1267.4401221439184
11,2023,5,0,135,957.85,2235.6257251695206
3,2023,5,0,0,957.85,2292.3866327761716
2,2023,5,0,0,957.85,2297.9303586117094
7,2022,5,0,176,957.85,2272.690170555594
3,2022,5,0,0,957.85,2311.045472137259
10,2023,5,0,42,957.85,2249.7193205293515
4,2022,5,0,0,957.85,2305.501746301721
9,2022,5,0,49,957.85,2273.2783471596194
6,2022,5,0,171,957.85,2278.693566795664
5,2023,5,0,50,957.85,2276.7024770597855
10,2023,5,0,55,957.85,2248.524177477564
3,2022,5,0,0,957.85,2311.045472137259
12,2023,5,0,116,957.85,2231.828746871208
12,2022,5,0,0,957.85,2261.1519396174263
5,2023,5,0,0,957.85,2281.2991811051033
2,2022,5,0,0,957.85,2316.5891979727894
6,2023,10,10,107,960.3,4361.251053324893
1,2023,9,0,0,960.3,4200.797452415012
11,2023,9,0,79,960.3,4138.097401668041
7,2023,9,0,80,960.3,4160.18037092928
7,2023,9,0,0,960.3,4167.535097401786
8,2023,9,0,84,960.3,4154.268908770115
9,2022,9,0,0,960.3,4175.106485091797
12,2023,9,0,0,960.3,4139.816468224104
6,2023,2,20,0,964.27,300.11959879895585
10,2022,1,0,0,965.98,374.9160233207367
8,2023,1,0,0,965.98,367.3446356307322
3,2023,1,0,0,965.98,395.0632648084138
5,2023,1,0,0,965.98,383.97581313733826
9,2022,1,0,85,965.98,372.64535227923625
7,2022,6,15,0,969.05,2348.7189129159597
7,2022,6,15,26,969.05,2346.328626812392
8,2022,1,0,0,970.21,386.00347499181225
11,2022,1,0,157,970.21,354.93864678290265
7,2022,1,0,175,970.21,375.45873666874104
8,2022,1,0,0,970.21,386.00347499181225
1,2023,6,15,0,977.01,2363.322428568099
1,2022,6,15,0,977.01,2381.981267929179
4,2022,7,15,43,978.36,2835.7277669355317
3,2022,7,15,0,978.36,2845.2246582500447
10,2022,7,15,166,978.54,2791.1575199708386
2,2023,7,15,126,978.54,2820.5258505303063
1,2023,7,5,176,984.86,3097.794537567919
7,2023,7,5,30,984.86,3077.954558367026
11,2023,2,5,0,986.27,686.8834674923637
12,2022,5,5,152,986.48,2109.017126695966
7,2022,6,0,73,986.58,2756.490222880886
8,2023,6,0,99,986.58,2729.8973715807006
2,2022,6,0,0,986.58,2790.9200399647307
9,2022,6,0,0,986.58,2752.1139591159736
9,2023,6,0,0,986.58,2733.4551197548935
5,2023,6,0,69,986.58,2749.286571514509
8,2023,6,0,0,986.58,2738.9988455904313
4,2022,6,0,0,986.58,2779.832588293655
5,2023,6,0,0,986.58,2755.6300230970446
7,2022,6,0,0,986.58,2763.201410787049
8,2022,6,0,69,986.58,2751.3142333689757
1,2023,6,0,0,986.58,2777.8049264391884
5,2023,6,0,0,986.76,2755.6300230970446
4,2022,6,0,0,986.76,2779.832588293655
3,2022,6,0,0,986.76,2785.376314129193
7,2023,6,0,186,986.76,2727.44283237739
5,2022,6,0,132,986.76,2762.153563778491
6,2023,6,0,37,986.76,2746.684736267969
7,2023,6,0,162,986.76,2729.6492503191403
8,2022,6,0,0,986.76,2757.6576849515113
3,2022,6,0,98,986.76,2776.3667742003745
7,2023,6,0,188,986.76,2727.25896421558
3,2023,6,0,0,986.76,2766.717474768113
7,2022,6,0,0,986.76,2763.201410787049
6,2022,6,0,9,986.76,2767.917729894427
2,2022,6,0,0,986.76,2790.9200399647307
10,2022,6,0,187,986.76,2729.3785601509517
1,2023,6,0,94,986.76,2769.16312283399
8,2022,5,10,171,990.99,1991.2844498771956
1,2023,6,20,82,996.86,2217.6230013100794
12,2023,4,20,179,997.02,1199.0627272873826
1,2022,2,0,0,1000.46,899.1403978325106
5,2023,9,15,0,1000.77,3764.1400512017717
7,2023,3,10,0,1006.29,1045.2283802027523
2,2023,3,10,0,1006.29,1072.9470093804412
6,2023,3,10,144,1006.29,1037.533598387774
6,2022,8,15,0,1007.08,3302.9243227353727
4,2022,4,15,0,1014.29,1416.6884064386904
5,2023,4,15,0,1014.29,1392.4858412420726
3,2023,4,15,0,1017.35,1403.5732929131482
3,2022,6,5,93,1019.27,2638.6656119812033
3,2023,2,15,144,1024.54,441.6731012787495
8,2022,2,15,0,1024.54,445.8518191126641
6,2023,6,10,0,1026.05,2473.764632014114
4,2023,3,10,0,1028.13,1061.8595577093656
12,2023,6,10,102,1034.48,2431.1250007484414
6,2022,6,10,0,1034.48,2492.423471375194
4,2022,6,10,0,1034.48,2503.510923046262
6,2022,7,10,4,1036.1,2966.3865770435077
11,2022,7,10,139,1036.1,2926.2568469434627
7,2022,7,0,0,1036.7,3237.5322527789904
6,2022,7,0,0,1036.7,3243.075978614528
8,2022,7,0,109,1036.7,3221.967712124664
4,2023,7,0,0,1036.7,3235.5045909245164
1,2023,7,0,197,1036.7,3234.0247544925805
2,2023,7,0,58,1036.7,3241.2598659030264
9,2022,7,0,0,1036.7,3226.444801107915
11,2023,7,0,12,1036.7,3195.595301104884
4,2022,7,0,0,1036.7,3254.1634302855964
7,2022,7,0,0,1036.7,3237.5322527789904
12,2022,7,0,0,1036.7,3209.8136236013015
3,2023,7,0,128,1036.7,3229.2807544040406
8,2022,7,0,0,1036.7,3231.9885269434526
5,2023,7,0,198,1036.7,3211.7579170695244
5,2023,7,0,94,1036.7,3221.3190614837804
5,2023,7,0,0,1036.7,3229.9608650889786
5,2022,7,0,0,1036.7,3248.6197044500586
6,2022,7,0,115,1036.7,3232.503559310302
11,2023,7,0,20,1036.7,3194.859828457629
4,2023,7,0,0,1036.7,3235.5045909245164
3,2023,7,0,0,1036.7,3241.048316760054
4,2022,7,0,0,1036.7,3254.1634302855964
12,2022,7,0,0,1036.7,3209.8136236013015
11,2023,2,0,140,1038.18,812.1735287891715
11,2022,2,0,175,1038.18,827.6146753185312
3,2023,2,0,82,1038.18,861.855512166032
2,2023,2,0,132,1038.18,862.8025339562591
3,2023,2,0,36,1038.18,866.0844798877297
2,2022,5,0,76,1038.4,2309.602207823911
11,2023,5,0,0,1038.4,2248.0368260918767
12,2022,5,0,0,1038.4,2261.1519396174263
2,2022,5,0,0,1038.4,2316.5891979727894
12,2022,5,0,161,1038.4,2246.3505525915025
11,2022,5,0,0,1038.4,2266.6956654529567
11,2023,5,0,32,1038.4,2245.0949355028715
9,2022,5,0,77,1038.4,2270.7041928942417
10,2022,5,0,0,1038.4,2272.2393912884945
2,2022,5,0,170,1038.4,2300.960404218713
1,2023,5,0,0,1038.4,2303.474084447247
8,2023,5,5,0,1046.04,2126.5071709747936
10,2022,8,0,0,1046.56,3695.2319172643183
10,2023,2,15,83,1046.74,408.4749993652804
7,2023,2,15,0,1046.74,432.73670558711456
6,2023,3,20,77,1050.31,767.3715165611065
2,2022,8,20,0,1052.35,3186.9383934538273
12,2023,8,20,0,1052.35,3112.842295737377
7,2022,6,20,192,1057.06,2192.9067367582466
12,2023,4,15,0,1058.08,1353.6797603933155
4,2022,2,0,0,1059.02,882.5092203258973
6,2022,2,0,152,1059.02,857.447788357058
2,2023,2,0,0,1059.02,874.9378326358928
6,2023,2,0,107,1059.02,842.9259826367634
4,2023,2,0,0,1059.02,863.8503809648173
4,2022,2,0,0,1059.02,882.5092203258973
7,2023,2,0,107,1059.02,837.3822568012256
2,2023,2,0,171,1059.02,859.2171048009113
12,2023,6,15,59,1059.17,2296.91733360372
3,2023,4,15,0,1059.34,1403.5732929131482
4,2023,4,15,0,1059.34,1398.0295670776104
9,2022,9,10,58,1059.64,3893.452643151839
6,2022,3,5,0,1062.2,1207.5917780230666
1,2022,7,15,0,1063.98,2856.3121099211203
3,2022,7,20,99,1064.06,2697.9623516166175
9,2022,7,20,38,1064.06,2670.307975538686
10,2022,9,20,0,1066.32,3616.9194287614737
9,2022,9,20,187,1066.32,3605.2714814675273
1,2022,10,0,130,1067.0,4681.83570325021
8,2022,10,0,172,1067.0,4639.168391003375
11,2022,10,0,15,1067.0,4636.9708641990655
2,2022,10,0,38,1067.0,4684.749912858053
12,2022,10,0,160,1067.0,4618.096696632114
12,2023,10,0,0,1067.0,4614.147310216045
8,2023,10,0,0,1067.0,4636.322213558189
12,2022,10,0,143,1067.0,4619.6595760075215
11,2022,10,0,48,1067.0,4633.937039529155
2,2022,10,0,0,1067.0,4688.243407932496
12,2022,10,0,0,1067.0,4632.806149577125
4,2023,3,20,167,1069.8,770.1849009506113
11,2022,3,20,0,1069.8,765.3906509742956
10,2022,7,20,0,1072.79,2668.257744777591
8,2022,7,20,139,1072.79,2666.566359202683
8,2022,6,0,0,1072.92,2757.6576849515113
5,2023,6,0,94,1072.92,2746.9882194918464
3,2023,6,0,20,1072.92,2764.878793149983
6,2022,6,0,0,1072.92,2768.745136622587
7,2022,6,0,0,1072.92,2763.201410787049
6,2022,6,0,0,1072.92,2768.745136622587
8,2022,6,0,58,1072.92,2752.325508258946
7,2023,6,0,33,1072.92,2741.508746756059
8,2023,6,0,151,1072.92,2725.1167993735726
1,2022,6,0,110,1072.92,2786.3510169005676
8,2022,6,0,177,1072.92,2741.3853526310922
4,2022,6,0,0,1072.92,2779.832588293655
3,2023,6,0,0,1072.92,2766.717474768113
4,2022,6,0,198,1072.92,2761.629640274201
6,2022,2,10,87,1073.68,587.1018383685805
9,2023,4,10,0,1073.95,1508.471770523618
2,2022,4,10,0,1077.19,1565.9366907334625
1,2023,4,10,60,1077.19,1547.30553235353
11,2022,6,5,0,1083.06,2602.8656748212015
11,2022,2,10,0,1084.81,567.3814742297473
9,2022,2,10,104,1084.81,568.9077814865668
3,2022,2,10,15,1084.81,610.3522697004446
1,2022,2,10,71,1084.81,616.2914128407647
5,2023,3,5,131,1085.25,1182.4332998987957
9,2022,2,10,27,1089.18,575.9867057163501
5,2023,6,5,60,1091.95,2611.953145618965
5,2023,7,5,0,1093.46,3091.800032465282
3,2023,5,0,0,1101.1,2292.3866327761716
2,2023,5,0,0,1101.1,2297.9303586117094
4,2023,5,0,167,1101.1,2271.48991542928
9,2022,5,0,53,1101.1,2272.9106108359993
5,2022,5,0,114,1101.1,2289.4775352428624
11,2023,5,0,0,1101.1,2248.0368260918767
9,2022,5,0,0,1101.1,2277.7831171240323
8,2022,5,0,0,1101.1,2283.32684295957
8,2023,5,0,32,1101.1,2261.726113009485
3,2022,5,0,0,1101.1,2311.045472137259
2,2022,5,0,0,1101.1,2316.5891979727894
5,2022,3,20,0,1107.62,798.6530059875149
9,2022,3,20,22,1107.62,774.455552865431
3,2023,3,20,25,1107.62,788.7832662748551
11,2022,2,10,0,1108.31,567.3814742297473
4,2023,10,15,0,1111.97,4244.014619029251
4,2023,3,15,75,1115.96,916.8036690176959
7,2022,3,0,0,1118.1,1340.2088848112253
9,2023,3,0,0,1118.1,1310.462593779077
9,2023,3,0,93,1118.1,1301.9127242547838
7,2023,3,0,149,1118.1,1307.851867395104
7,2022,3,0,0,1118.1,1340.2088848112253
8,2022,3,0,0,1118.1,1334.6651589756875
5,2023,3,0,0,1118.1,1332.6374971212208
4,2023,3,0,0,1118.1,1338.1812229567586
9,2022,3,0,173,1118.1,1313.2168371433581
9,2023,3,0,0,1118.1,1310.462593779077
9,2022,3,0,88,1118.1,1321.0312340203964
3,2023,3,0,119,1118.1,1332.7847931644428
5,2022,8,15,0,1118.12,3308.4680485709105
2,2022,8,15,148,1118.12,3311.4929821033875
3,2023,9,5,0,1118.51,4051.54916812024
8,2022,4,10,0,1120.32,1532.6743357202358
8,2023,6,10,0,1121.47,2462.6771803430383
1,2022,6,10,193,1121.47,2502.398822937954
2,2022,6,10,0,1121.47,2514.5983747173377
7,2023,6,15,0,1123.12,2330.0600735548796
2,2023,6,15,71,1123.12,2351.251382988208
5,2022,8,5,39,1125.56,3581.2042846629556
10,2023,7,10,15,1126.57,2924.5415594503065
8,2023,7,10,180,1126.57,2920.459887771838
11,2023,7,10,0,1126.57,2920.3768448283663
12,2022,4,5,180,1133.62,1632.112130438647
6,2023,4,5,0,1133.62,1663.2637806539278
8,2023,3,15,0,1136.66,901.523821743518
1,2022,3,15,0,1136.66,958.9887419533625
9,2023,4,5,0,1137.04,1646.6326031473145
1,2023,4,5,177,1137.04,1674.7100775111903
6,2023,6,0,50,1140.06,2745.489593216189
8,2022,6,0,96,1140.06,2748.832013184503
2,2023,6,0,154,1140.06,2758.103352144077
8,2023,6,0,82,1140.06,2731.460250956108
5,2023,6,0,170,1140.06,2740.001229342968
6,2023,6,0,131,1140.06,2738.042932662778
1,2022,6,0,0,1140.06,2796.4637658002684
6,2022,6,0,0,1140.06,2768.745136622587
9,2023,6,0,0,1140.06,2733.4551197548935
9,2022,3,0,0,1142.37,1329.121433140157
5,2023,3,0,74,1142.37,1325.8343751341527
6,2022,3,0,0,1142.37,1345.752610646763
2,2022,3,0,0,1142.37,1367.9275139889141
9,2022,3,0,86,1142.37,1321.2151021822137
5,2022,3,0,4,1142.37,1350.9286001586734
6,2023,3,0,0,1142.37,1327.093771285683
5,2023,3,0,0,1142.37,1332.6374971212208
9,2023,3,0,0,1142.37,1310.462593779077
8,2023,3,0,1,1142.37,1315.9143855337024
3,2022,2,5,150,1145.07,736.102001401785
1,2023,6,0,0,1149.42,2777.8049264391884
6,2022,6,0,0,1149.42,2768.745136622587
2,2022,6,0,32,1149.42,2787.9781493757255
6,2023,6,0,61,1149.42,2744.478318326219
8,2022,6,0,174,1149.42,2741.6611548738074
9,2023,6,0,10,1149.42,2732.5357789458285
3,2022,6,0,16,1149.42,2783.9053688346903
9,2023,6,0,0,1149.42,2733.4551197548935
10,2022,6,0,0,1149.42,2746.570233280436
12,2023,6,0,0,1149.42,2716.82394224828
6,2022,6,0,0,1149.42,2768.745136622587
4,2022,6,0,117,1149.42,2769.0763008276117
4,2023,6,0,0,1149.42,2761.173748932575
6,2023,6,0,88,1149.42,2741.996098141746
3,2022,6,0,18,1149.42,2783.72150067288
5,2023,7,0,195,1151.01,3212.0337193122396
6,2022,7,0,0,1151.01,3243.075978614528
11,2023,7,0,0,1151.01,3196.6985100757593
10,2022,7,0,0,1151.01,3220.901075272377
5,2022,7,0,0,1151.01,3248.6197044500586
3,2023,7,0,165,1151.01,3225.87919341051
11,2023,7,0,0,1151.01,3196.6985100757593
4,2022,7,0,96,1151.01,3245.337758518588
9,2022,7,0,0,1151.01,3226.444801107915
1,2023,7,0,0,1151.01,3252.1357684311297
3,2023,7,0,132,1151.01,3228.9130180804204
11,2023,7,0,0,1151.01,3196.6985100757593
2,2022,7,0,161,1151.01,3250.449494930748
8,2023,7,0,0,1151.01,3213.3296875823726
4,2023,7,0,0,1151.22,3235.5045909245164
5,2022,7,0,0,1151.22,3248.6197044500586
7,2023,7,0,0,1151.22,3218.8734134179103
5,2023,7,0,107,1151.22,3220.123918432
1,2022,7,0,148,1151.22,3257.1883638180734
1,2022,7,0,0,1151.22,3270.7946077922097
9,2022,7,0,81,1151.22,3218.998140554504
5,2022,7,0,27,1151.22,3246.137484265586
12,2022,7,0,0,1151.22,3209.8136236013015
7,2023,7,0,0,1151.22,3218.8734134179103
5,2023,7,0,13,1151.22,3228.7657220371984
5,2023,7,0,179,1151.22,3213.504664606742
3,2022,7,0,0,1151.22,3259.707156121134
3,2022,7,20,0,1163.01,2707.0638256263483
6,2022,7,20,0,1163.01,2690.432648119742
11,2022,7,20,77,1163.01,2655.635094712263
3,2023,7,20,0,1163.01,2688.4049862652682
1,2022,11,0,18,1173.7,5166.4631623036585
2,2022,3,15,106,1176.85,943.7000035417514
11,2022,9,0,0,1177.38,4164.019033420722
6,2023,9,0,0,1177.38,4173.078823237323
7,2023,9,0,0,1177.38,4167.535097401786
8,2023,9,0,136,1177.38,4149.488336562987
4,2022,9,0,0,1177.38,4202.825114269479
9,2022,10,10,85,1177.38,4365.3012649593
3,2023,9,0,0,1177.38,4189.710000743937
6,2022,9,0,183,1177.38,4174.913725792547
4,2023,9,0,0,1177.38,4184.166274908399
1,2023,9,0,29,1177.38,4198.131364068729
4,2023,3,10,0,1181.6,1061.8595577093656
2,2022,4,5,0,1182.56,1704.097523357159
11,2022,4,5,64,1182.56,1648.3202096593232
2,2023,4,5,0,1182.56,1685.438683996079
6,2022,4,5,27,1182.56,1679.4403998305352
1,2022,6,5,0,1183.78,2658.302933176572
9,2023,6,5,0,1183.78,2595.294287131197
6,2022,6,5,188,1183.78,2613.300696788501
11,2022,8,10,0,1183.9,3413.3665261813876
8,2022,9,20,0,1183.9,3628.006880432542
1,2023,9,20,0,1183.9,3648.1541219202263
11,2022,4,5,0,1183.97,1654.2039908373263
10,2022,9,20,0,1184.11,3616.9194287614737
2,2022,8,0,0,1184.8,3739.581723948613
11,2023,8,0,49,1184.8,3666.5245821032877
10,2023,8,0,166,1184.8,3661.3120204727893
6,2022,8,0,166,1184.8,3702.145763176013
11,2022,8,0,0,1184.8,3689.6881914287806
10,2022,8,0,0,1184.8,3695.2319172643183
10,2022,8,0,0,1184.8,3695.2319172643183
11,2022,8,0,0,1184.8,3689.6881914287806
10,2023,8,0,0,1184.8,3676.5730779032383
4,2022,8,0,167,1184.8,3713.1412807661764
3,2023,7,5,104,1189.15,3093.3263397221017
7,2022,7,5,22,1189.15,3097.3488703753537
9,2023,6,10,0,1189.19,2457.1334545075006
4,2023,2,0,0,1192.98,863.8503809648173
2,2023,2,0,84,1192.98,867.2153698397597
11,2023,4,0,11,1193.28,1772.6947092099726
12,2023,4,0,186,1193.28,1751.062519215826
3,2023,4,0,5,1193.28,1817.596120379705
3,2022,4,0,0,1193.28,1836.7146301453176
4,2023,4,0,0,1193.28,1812.5120649486998
10,2023,4,0,59,1193.28,1773.8255991620026
11,2022,4,0,0,1193.28,1792.3648234610228
10,2023,4,0,68,1193.28,1772.9981924338426
1,2022,4,0,26,1193.28,1845.4117957128183
7,2023,4,0,0,1193.28,1795.8808874420865
10,2022,4,0,122,1193.28,1786.6925914259846
9,2022,4,0,87,1193.28,1795.4540100932427
11,2023,4,0,135,1196.88,1761.2948831775866
1,2022,4,0,0,1196.88,1847.802081816386
5,2023,4,0,110,1196.88,1796.8555902134613
3,2022,4,0,0,1196.88,1836.7146301453176
5,2022,4,0,67,1196.88,1819.4675950535166
4,2022,4,0,119,1196.88,1820.2307486819263
6,2022,4,0,0,1196.88,1820.0834526387043
1,2023,4,0,0,1196.88,1829.1432424553059
5,2023,4,0,0,1196.88,1806.968339113162
8,2023,4,0,0,1196.88,1790.3371616065488
1,2022,5,20,59,1196.88,1764.0654825400707
2,2022,4,0,118,1196.88,1831.410134433907
5,2022,4,0,6,1196.88,1825.0755739888045
7,2022,4,0,0,1196.88,1814.5397268031666
6,2023,4,0,83,1196.88,1793.7940845623962
2,2023,7,10,7,1197.06,2969.6268387818563
5,2023,2,0,0,1205.34,858.3066551292795
5,2023,2,0,0,1205.34,858.3066551292795
8,2023,2,0,0,1205.34,841.6754776226735
7,2022,2,0,0,1205.34,865.878042819284
10,2022,2,0,137,1205.34,836.6518962285118
10,2022,2,0,164,1205.34,834.1696760440391
7,2022,2,0,100,1205.34,856.6846347286482
12,2022,2,0,0,1205.34,838.1594136416024
12,2022,2,0,0,1205.34,838.1594136416024
6,2022,2,0,0,1205.34,871.4217686548218
3,2022,2,0,0,1205.34,888.0529461614351
4,2022,2,0,195,1205.34,864.5820745491583
8,2022,2,0,28,1205.34,857.7601627183758
11,2023,2,0,170,1210.2,809.4155063619837
1,2023,2,0,42,1210.2,876.6203270733677
3,2023,2,0,164,1210.2,854.3169175317162
5,2023,2,0,140,1210.2,845.4358838023909
5,2023,2,0,0,1210.2,858.3066551292795
6,2023,2,0,0,1210.2,852.7629292937418
9,2022,2,0,66,1210.2,848.7229418083953
6,2023,2,0,0,1210.2,852.7629292937418
11,2023,8,20,32,1216.06,3115.4441309839094
3,2022,8,20,181,1216.06,3164.754598974243
12,2022,2,0,0,1222.94,838.1594136416024
3,2022,2,0,116,1222.94,877.3885927762967
3,2023,2,0,0,1222.94,869.3941068003551
3,2022,2,0,21,1222.94,886.1223304624
3,2023,2,0,128,1222.94,857.6265444443416
11,2023,2,0,0,1222.94,825.0443001160602
10,2022,2,0,0,1222.94,849.246865312678
11,2022,2,0,0,1222.94,843.7031394771402
9,2023,2,0,0,1222.94,836.1317517871357
11,2023,2,0,0,1231.46,825.0443001160602
12,2022,2,0,173,1231.46,822.2548176448036
7,2022,2,0,41,1231.46,862.1087455021261
2,2023,2,0,0,1231.46,874.9378326358928
10,2022,2,0,0,1231.46,849.246865312678
12,2023,2,0,0,1231.46,819.5005742805224
11,2022,2,0,146,1231.46,830.280763664814
12,2022,2,0,185,1231.46,821.1516086739284
1,2023,2,0,184,1231.46,863.5656875846616
12,2022,2,0,0,1231.46,838.1594136416024
8,2022,7,20,0,1233.23,2679.3451964486667
4,2022,7,20,0,1233.23,2701.5200997908105
3,2023,7,20,0,1233.23,2688.4049862652682
11,2023,7,15,0,1235.7,2782.21601220467
5,2023,10,5,0,1242.79,4514.792558441106
3,2023,4,0,0,1244.8,1818.0557907842376
9,2022,4,0,0,1244.8,1803.452275132091
3,2022,4,0,146,1244.8,1823.2922543329914
4,2022,4,0,99,1244.8,1822.0694303000491
1,2023,4,0,0,1244.8,1829.1432424553059
6,2022,4,0,0,1244.8,1820.0834526387043
2,2023,4,0,0,1244.8,1823.5995166197754
5,2022,4,0,187,1244.8,1808.435505344758
2,2022,4,0,121,1244.8,1831.1343321911918
4,2023,4,0,0,1244.8,1812.5120649486998
7,2022,4,0,0,1244.8,1814.5397268031666
12,2022,4,0,0,1244.8,1786.821097625485
1,2024,5,20,0,1244.8,1732.1719145913812
3,2023,4,0,0,1244.8,1818.0557907842376
3,2022,6,0,0,1246.08,2785.376314129193
1,2022,3,10,0,1246.08,1097.149574577059
9,2023,6,0,0,1246.08,2733.4551197548935
4,2023,6,0,32,1246.08,2758.23185834357
10,2022,6,0,0,1246.08,2746.570233280436
9,2022,6,0,127,1246.08,2740.438330840865
4,2023,6,0,0,1246.08,2761.173748932575
3,2023,6,0,129,1246.08,2754.8579783311943
2,2023,3,10,100,1246.08,1063.7536012898054
8,2023,6,0,182,1246.08,2722.2668428654797
2,2022,6,0,0,1246.08,2790.9200399647307
1,2023,3,10,0,1246.08,1078.490735215979
8,2022,6,0,0,1246.08,2757.6576849515113
7,2022,6,0,185,1246.08,2746.193605819375
8,2022,4,0,169,1246.28,1793.4591412944574
1,2023,4,0,0,1246.28,1829.1432424553059
11,2022,4,0,182,1246.28,1775.6328207360712
1,2022,4,0,0,1246.28,1847.802081816386
9,2023,4,0,0,1246.28,1784.793435771011
12,2022,4,0,0,1246.28,1786.821097625485
7,2022,4,0,117,1246.28,1803.7834393371231
6,2022,4,0,0,1246.28,1820.0834526387043
11,2023,5,20,0,1246.28,1695.3934955970908
3,2022,4,0,33,1246.28,1833.6808054754074
1,2023,4,0,131,1246.28,1817.0998778565772
1,2023,4,0,6,1246.28,1828.5916379698683
10,2022,4,0,0,1246.28,1797.9085492965605
12,2022,4,0,19,1246.28,1785.0743500882672
12,2022,4,0,170,1246.28,1771.1923038714085
1,2022,4,0,0,1246.28,1847.802081816386
3,2023,4,0,111,1246.28,1807.8511078036317
6,2023,3,5,0,1247.25,1188.9329386619866
10,2023,3,5,7,1247.25,1166.1144967535001
7,2022,3,5,181,1247.25,1185.4079835434823
3,2022,3,5,71,1247.25,1217.6956357853269
4,2023,8,5,96,1249.67,3562.848928525753
10,2023,8,5,0,1249.67,3538.412245279542
10,2023,7,0,0,1251.74,3202.242235911297
9,2023,7,0,110,1251.74,3197.673212847134
3,2023,7,0,0,1251.74,3241.048316760054
11,2023,7,0,108,1251.74,3186.769629337876
4,2023,7,0,29,1251.74,3232.8385025782336
3,2023,7,0,166,1251.74,3225.787259329605
10,2023,7,0,0,1251.74,3202.242235911297
2,2023,7,0,11,1251.74,3245.580767705622
1,2023,7,0,0,1251.74,3252.1357684311297
11,2023,7,0,12,1251.74,3195.595301104884
7,2023,7,0,188,1251.74,3201.589806207521
7,2022,7,0,0,1251.74,3237.5322527789904
1,2023,7,0,173,1251.74,3236.231172434331
5,2023,6,5,113,1255.25,2607.080639330932
6,2022,12,20,0,1255.87,5062.086858079441
12,2023,9,15,139,1257.89,3712.555133107031
9,2023,9,15,33,1258.12,3738.9313231897177
9,2023,10,15,185,1258.85,4199.288184883888
8,2023,7,5,179,1263.57,3058.7126544764396
3,2022,9,5,199,1266.25,4051.913125380961
7,2023,5,15,0,1267.86,1855.7292315629384
3,2023,3,20,0,1270.82,791.0816182975104
4,2022,5,15,62,1271.69,1885.3193354144387
6,2022,2,10,0,1279.78,595.1001034074288
12,2023,15,20,0,1280.4,6433.1581896809585
7,2022,12,0,0,1280.4,5609.186462738689
9,2023,12,0,64,1280.4,5573.556390528527
9,2022,12,0,0,1280.4,5598.099011067614
9,2022,12,0,0,1280.4,5598.099011067614
10,2022,12,0,0,1280.4,5592.555285232076
7,2023,12,0,0,1280.4,5590.527623377609
12,2023,9,20,0,1287.5,3587.173137729318
2,2023,8,10,102,1287.5,3435.2239430876944
12,2022,8,15,149,1292.07,3255.963789667112
3,2023,4,15,27,1294.69,1401.0910727286755
1,2022,2,5,0,1306.04,760.9795652088142
9,2023,10,0,146,1308.2,4617.356111910325
4,2023,10,0,17,1308.2,4656.9342375249325
5,2022,10,0,0,1308.2,4671.612230425882
4,2022,10,0,53,1308.2,4672.283449973387
4,2023,10,0,136,1308.2,4645.994081897079
9,2022,10,0,0,1308.2,4649.437327083731
1,2022,7,10,7,1308.38,2993.829403978474
3,2023,7,10,163,1308.38,2949.7413963249273
10,2023,7,10,185,1308.38,2908.91276569623
4,2022,7,10,194,1308.38,2960.0065533423767
9,2022,7,15,0,1310.31,2811.9623032368254
6,2022,3,0,192,1312.89,1328.1012671127464
5,2022,3,0,124,1312.89,1339.8965104499148
5,2022,3,0,154,1312.89,1337.138488022727
4,2022,3,0,189,1312.89,1339.464521026537
7,2022,3,0,0,1312.89,1340.2088848112253
7,2022,3,0,0,1312.89,1340.2088848112253
2,2023,3,0,101,1312.89,1339.9833324562933
6,2023,3,0,0,1312.89,1327.093771285683
4,2022,3,0,52,1312.89,1352.0594901107106
1,2022,3,0,69,1312.89,1367.1277882419163
8,2022,3,0,69,1312.89,1328.3217073931519
6,2022,3,0,146,1312.89,1332.3302348344369
6,2022,3,0,0,1312.89,1345.752610646763
7,2022,3,0,0,1312.89,1340.2088848112253
11,2023,3,5,0,1315.3,1161.214309484305
5,2022,8,0,169,1315.44,3707.4136867688285
6,2023,8,0,126,1315.44,3687.164287051186
12,2023,8,0,132,1315.44,3653.350327552529
11,2023,8,0,0,1315.44,3671.0293520677005
3,2023,8,0,132,1315.44,3703.2438600723617
2,2023,8,0,134,1315.44,3708.603717746082
6,2023,8,0,0,1315.44,3698.747981245382
4,2023,8,0,0,1315.44,3709.8354329164576
6,2023,8,0,82,1315.44,3691.209386611059
1,2023,8,0,0,1315.44,3726.466610423071
1,2022,8,0,114,1315.68,3734.64496456083
1,2023,6,0,7,1321.32,2777.161387872846
5,2022,6,0,28,1321.32,2771.714708192747
12,2023,6,0,29,1321.32,2714.1578539019974
3,2023,6,0,22,1321.32,2764.6949249881727
8,2022,6,0,147,1321.32,2744.14337505828
9,2022,6,0,126,1321.32,2740.5302649217774
12,2023,6,0,0,1321.32,2716.82394224828
6,2023,6,0,59,1321.32,2744.6621864880362
2,2022,6,0,180,1321.32,2774.371905401589
1,2022,6,0,0,1321.32,2796.4637658002684
5,2023,6,0,0,1321.32,2755.6300230970446
8,2023,6,0,107,1321.32,2729.161898933453
5,2023,6,0,44,1321.32,2751.5849235371643
6,2022,6,0,90,1321.32,2760.471069341016
1,2022,6,0,197,1321.32,2778.3527518617193
1,2022,6,0,141,1321.32,2783.5010603924748
2,2022,6,0,0,1321.32,2790.9200399647307
6,2022,6,0,76,1321.32,2761.7581464737086
7,2022,6,0,3,1321.32,2762.9256085443267
7,2022,6,0,0,1321.32,2763.201410787049
11,2023,6,0,0,1321.32,2722.367668083818
1,2023,6,0,172,1321.32,2761.9922645232946
1,2023,6,0,107,1321.32,2767.96797978221
6,2022,2,10,182,1322.41,578.3681006824772
1,2023,5,15,50,1322.6,1884.3948825308398
12,2023,5,15,0,1324.17,1828.0106023852568
6,2022,5,15,72,1324.17,1873.312542934298
6,2023,8,20,45,1329.15,3141.967617109811
10,2023,7,0,30,1330.07,3199.484213484109
5,2022,7,0,43,1330.07,3244.6665389710834
5,2023,7,0,0,1330.07,3229.9608650889786
10,2023,7,0,0,1330.07,3202.242235911297
10,2023,7,0,0,1330.07,3202.242235911297
9,2023,7,0,0,1330.07,3207.785961746835
6,2023,7,0,101,1330.07,3215.1317970819073
9,2023,7,0,0,1330.07,3207.785961746835
2,2022,7,0,0,1330.07,3265.250881956672
8,2023,7,0,0,1330.07,3213.3296875823726
12,2023,7,0,0,1330.07,3191.1547842402215
3,2022,7,0,88,1330.07,3251.6169570013735
6,2022,7,0,0,1330.07,3243.075978614528
12,2023,7,0,118,1330.07,3180.306562693273
8,2023,9,10,0,1331.88,3885.669706318855
5,2022,9,10,194,1332.13,3903.1245114907215
9,2023,9,0,33,1332.9,4153.4138210608
2,2023,9,0,26,1332.9,4192.863440475907
5,2022,9,0,92,1332.9,4188.82345299056
3,2022,9,0,185,1332.9,4191.361035137343
9,2023,9,0,0,1332.9,4156.44764573071
2,2022,9,0,0,1332.9,4213.9125659405545
9,2023,9,0,165,1332.9,4141.278522381166
7,2022,9,0,0,1332.9,4186.193936762866
8,2022,9,0,0,1332.9,4180.650210927328
7,2022,9,0,0,1332.9,4186.193936762866
6,2022,3,0,24,1337.25,1343.5461927050128
1,2023,3,0,0,1337.25,1354.812400463372
11,2022,3,0,44,1337.25,1313.9888819092012
2,2022,3,0,0,1337.25,1367.9275139889141
9,2022,3,0,139,1337.25,1316.3425958941734
9,2022,7,0,0,1340.99,3226.444801107915
11,2023,7,0,0,1340.99,3196.6985100757593
10,2023,7,0,117,1340.99,3191.4859484452536
4,2022,7,0,0,1340.99,3254.1634302855964
6,2023,7,0,0,1340.99,3224.417139253448
4,2022,7,0,0,1340.99,3254.1634302855964
1,2022,7,0,57,1340.99,3265.554365180549
9,2023,7,0,2,1340.99,3207.6020935850247
2,2022,7,0,0,1340.99,3265.250881956672
8,2022,7,0,0,1340.99,3231.9885269434526
6,2022,7,0,109,1340.99,3233.0551637957396
2,2023,7,0,90,1340.99,3238.317975314021
8,2022,7,0,0,1340.99,3231.9885269434526
12,2022,7,0,0,1340.99,3209.8136236013015
2,2023,7,0,50,1340.99,3241.995338550274
11,2023,7,0,174,1340.99,3180.7019799980553
5,2023,4,10,0,1341.72,1530.6466738657691
11,2022,4,10,0,1341.72,1516.0431582136298
1,2023,5,10,0,1342.44,2027.1524191998542
6,2023,5,10,128,1346.49,1987.666227666159
6,2023,3,15,0,1350.25,912.6112734145936
1,2022,3,10,195,1350.62,1079.22242880032
10,2022,9,15,111,1367.97,3744.8755784045643
10,2022,8,10,61,1368.07,3413.3022730816374
9,2023,2,0,170,1374.78,820.5029580330593
7,2022,2,0,92,1374.78,857.4201073759032
12,2023,2,0,125,1374.78,808.0088141672313
1,2023,2,0,100,1374.78,871.2881503807948
8,2023,2,0,0,1374.78,841.6754776226735
2,2022,2,0,0,1374.78,893.5966719969729
11,2022,2,0,128,1374.78,831.9355771211267
10,2022,2,0,24,1374.78,847.0404473709277
7,2022,2,0,0,1374.78,865.878042819284
12,2022,2,0,47,1374.78,833.838511839007
2,2023,2,0,0,1374.78,874.9378326358928
11,2022,2,15,33,1377.53,426.18681693614053
5,2022,9,20,0,1379.3,3644.6380579391553
2,2022,9,20,0,1379.3,3661.2692354457686
9,2023,9,20,72,1379.3,3597.185061410666
11,2022,7,5,6,1381.07,3076.6449123277052
7,2022,3,0,0,1384.53,1340.2088848112253
3,2022,3,0,0,1384.53,1362.3837881533764
4,2022,3,0,0,1384.53,1356.8400623178386
3,2023,3,0,40,1384.53,1340.0475855560435
3,2023,3,0,93,1384.53,1335.1750792680032
5,2022,3,0,94,1384.53,1342.6545328771026
8,2023,3,0,0,1384.53,1316.0063196146075
10,2023,3,0,0,1384.53,1304.9188679435392
9,2023,13,0,42,1387.1,6049.909782300409
8,2022,13,0,34,1387.1,6074.847820144278
6,2023,2,20,0,1388.02,300.11959879895585
12,2023,5,10,0,1400.4,1966.1714350089533
2,2022,4,20,0,1400.42,1289.6150254860695
10,2023,4,20,74,1400.42,1219.8032574536192
6,2023,3,10,0,1401.54,1050.77210603829
4,2022,3,10,66,1401.54,1074.4507477306252
5,2023,9,5,123,1405.88,4029.1538244976837
2,2022,9,5,1,1406.13,4075.659799235953
9,2023,10,5,167,1406.95,4477.2646635875935
10,2022,8,20,0,1409.41,3142.5885867695324
8,2022,4,5,180,1416.26,1654.2870337807908
1,2022,5,5,160,1417.02,2169.2626382396193
10,2022,2,10,70,1417.18,566.4898144018443
5,2023,5,5,0,1421.3,2143.138348481407
5,2022,5,5,0,1421.3,2161.797187842487
4,2022,5,5,102,1421.3,2157.963637425579
11,2022,2,0,0,1421.98,843.7031394771402
6,2023,2,0,195,1421.98,834.8357835170027
1,2022,2,0,184,1421.98,882.2245269457417
1,2023,2,0,155,1421.98,866.2317759309444
1,2022,3,5,190,1425.66,1217.842931828549
1,2022,4,20,0,1426.4,1295.1587513216
8,2023,4,20,0,1426.4,1237.6938311117628
2,2023,3,10,0,1429.68,1072.9470093804412
3,2023,3,10,0,1429.68,1067.4032835449034
2,2023,8,0,163,1430.56,3705.9376293997993
2,2022,8,0,0,1430.56,3739.581723948613
2,2022,8,0,0,1430.56,3739.581723948613
3,2022,8,0,0,1430.56,3734.0379981130754
7,2023,3,20,64,1431.58,763.0229337773562
9,2022,3,20,0,1431.58,776.4781026453711
10,2022,6,20,0,1431.94,2193.92690278565
2,2022,6,20,69,1431.94,2231.933257887409
5,2023,6,20,0,1436.26,2202.9866926022587
10,2022,6,20,0,1436.26,2193.92690278565
7,2022,11,0,129,1439.02,5122.99612430983
8,2023,11,0,0,1439.02,5110.65305555013
1,2023,11,0,195,1439.02,5131.531990622156
5,2023,8,5,0,1444.08,3566.1308744572234
5,2022,3,20,0,1446.41,798.6530059875149
1,2023,4,5,0,1447.0,1690.9824098316094
8,2022,9,10,0,1448.44,3904.328545679935
5,2022,3,20,163,1452.24,783.6677507997811
4,2022,9,15,20,1453.58,3786.5039347802594
5,2023,7,0,0,1453.76,3229.9608650889786
9,2022,7,0,105,1453.76,3216.7917226127465
5,2022,7,0,0,1453.76,3248.6197044500586
9,2022,7,0,0,1453.76,3226.444801107915
12,2022,7,0,0,1453.76,3209.8136236013015
11,2022,7,0,29,1453.76,3212.6912610905565
5,2023,7,0,74,1453.76,3223.1577431019105
3,2022,7,0,194,1453.76,3241.8719444253074
9,2023,7,0,88,1453.76,3199.695762627074
9,2023,7,0,0,1453.76,3207.785961746835
1,2023,7,0,0,1453.76,3252.1357684311297
11,2023,2,10,138,1458.56,536.035731703596
3,2023,2,10,128,1458.56,581.3048791969486
6,2023,7,5,0,1464.46,3086.2563066297516
4,2023,3,20,59,1467.53,780.1137816885021
3,2023,2,0,72,1469.34,862.774852975097
6,2022,2,0,152,1469.34,857.447788357058
5,2022,2,0,8,1469.34,876.2300218431119
1,2022,2,0,0,1469.34,899.1403978325106
4,2022,2,0,0,1469.34,882.5092203258973
6,2023,2,0,0,1469.34,852.7629292937418
10,2023,2,15,56,1474.77,410.95721954975306
3,2022,4,20,0,1476.83,1284.0712996505317
3,2022,5,5,0,1478.2,2172.884639513555
10,2022,5,5,0,1478.2,2134.078558664798
12,2022,3,5,31,1479.41,1171.479466501747
7,2022,9,0,150,1479.87,4172.403824626912
2,2022,9,0,0,1479.87,4213.9125659405545
8,2022,9,0,0,1479.87,4180.650210927328
3,2023,9,0,0,1479.87,4189.710000743937
12,2023,9,0,0,1479.87,4139.816468224104
1,2022,9,0,47,1479.87,4215.135389973497
7,2023,9,0,165,1479.87,4152.365974052242
4,2022,9,0,0,1479.87,4202.825114269479
7,2023,9,0,196,1479.87,4149.5160175441415
12,2022,9,0,0,1479.87,4158.475307585184
12,2022,9,0,153,1479.87,4144.409393206515
8,2023,5,5,0,1479.96,2126.5071709747936
6,2023,9,0,0,1480.14,4173.078823237323
5,2023,9,0,74,1480.14,4171.819427085793
12,2022,9,0,166,1480.14,4143.214250154735
10,2023,9,0,166,1480.14,4135.642862464731
9,2022,9,0,0,1480.14,4175.106485091797
5,2023,9,0,0,1480.14,4178.622549072861
4,2022,9,0,0,1480.14,4202.825114269479
5,2022,9,0,131,1480.14,4185.2380238352125
5,2022,9,0,50,1480.14,4192.684684388623
5,2022,9,0,0,1480.14,4197.281388433941
1,2023,10,0,62,1481.0,4669.428381390753
7,2022,10,0,0,1481.0,4660.524778754807
10,2022,10,0,0,1481.0,4643.893601248194
12,2022,10,0,72,1481.0,4626.186895751867
7,2022,10,0,162,1481.0,4645.631457647978
8,2023,10,0,127,1481.0,4624.646585283081
9,2023,10,0,0,1481.0,4630.778487722651
10,2023,4,15,138,1487.94,1352.0803088993198
5,2023,4,0,147,1490.8,1793.4540292199308
10,2022,4,0,0,1490.8,1797.9085492965605
4,2023,4,0,0,1490.8,1812.5120649486998
3,2023,4,0,48,1490.8,1813.6429549007298
2,2023,5,20,0,1490.8,1745.2870281169235
5,2022,4,0,175,1490.8,1809.5387143156331
1,2023,4,0,147,1490.8,1815.6289325620746
3,2023,4,0,0,1490.8,1818.0557907842376
3,2023,4,0,81,1490.8,1810.6091302308268
10,2023,4,0,101,1490.8,1769.9643677639324
6,2022,4,0,94,1490.8,1811.441649033506
4,2022,4,0,75,1490.8,1824.2758482418067
5,2022,4,0,94,1490.8,1816.9853748690439
6,2022,4,0,3,1490.8,1819.807650395982
3,2023,4,0,143,1490.8,1804.9092172146338
2,2023,5,0,188,1491.6,2280.64675140132
7,2023,5,0,0,1491.6,2270.211729434028
12,2022,5,0,48,1491.6,2256.7391037339185
11,2022,5,0,0,1491.6,2266.6956654529567
11,2023,5,0,92,1491.6,2239.578890648496
4,2022,5,0,106,1491.6,2295.756733725648
2,2023,5,0,77,1491.6,2290.851434381919
3,2022,5,0,0,1491.6,2311.045472137259
8,2022,5,0,112,1491.6,2273.030225898059
1,2023,5,0,0,1491.6,2303.474084447247
3,2023,5,0,14,1491.6,2291.0995556434864
2,2023,5,0,177,1491.6,2281.6580262912903
7,2022,5,0,147,1491.6,2275.3562589018766
6,2022,5,0,0,1491.6,2294.4142946306456
9,2023,6,20,0,1493.76,2180.8117892601076
6,2022,6,20,0,1493.76,2216.101806127801
8,2022,6,20,0,1493.76,2205.0143544567254
9,2022,6,20,0,1493.76,2199.4706286211876
6,2023,6,20,0,1493.76,2197.442966766721
11,2022,14,0,0,1493.8,6535.673243380421
7,2023,9,20,17,1495.3,3613.328887531592
10,2022,6,20,160,1495.54,2179.2174498406384
8,2023,6,20,0,1495.54,2186.3555150956454
2,2023,5,0,136,1496.1,2285.427323608448
6,2022,5,0,0,1496.1,2294.4142946306456
11,2022,5,0,155,1496.1,2252.4458829124706
12,2023,5,0,3,1496.1,2242.217298013624
10,2022,5,0,0,1496.1,2272.2393912884945
4,2023,5,0,0,1496.1,2286.842906940641
10,2022,5,0,131,1496.1,2260.196026689766
10,2023,5,0,0,1496.1,2253.5805519274145
11,2022,5,0,13,1496.1,2265.5005224011766
12,2022,5,0,98,1496.1,2252.142399688608
12,2022,8,15,28,1497.5,3267.0878134567756
11,2023,8,15,0,1497.5,3256.546854196611
1,2022,4,15,61,1515.55,1427.7116050100085
12,2023,2,20,137,1519.04,254.26227470157028
1,2022,2,20,0,1519.04,346.49706733772473
1,2022,10,15,166,1519.97,4264.043578466488
7,2022,10,15,0,1519.97,4246.0422808837175
4,2023,8,0,6,1520.08,3709.28382843102
12,2022,8,0,27,1520.08,3681.66224540877
10,2023,8,0,0,1520.08,3676.5730779032383
10,2022,8,0,0,1520.08,3695.2319172643183
5,2022,8,0,61,1520.08,3717.342567506712
12,2022,8,0,68,1520.08,3677.892948091612
5,2022,8,0,0,1520.08,3722.950546442
4,2022,8,0,0,1520.08,3728.4942722775377
1,2023,6,15,0,1521.43,2363.322428568099
5,2022,4,0,0,1523.16,1825.627178474242
11,2023,4,0,0,1523.16,1773.7059840999427
4,2023,4,0,0,1523.16,1812.5120649486998
10,2023,4,0,12,1523.16,1778.146500964598
4,2022,4,0,0,1523.16,1831.1709043097799
5,2023,4,0,0,1523.16,1806.968339113162
2,2023,4,0,0,1523.16,1823.5995166197754
12,2023,4,0,16,1523.16,1766.6913129699024
4,2022,4,0,0,1523.16,1831.1709043097799
9,2022,9,5,0,1528.91,4036.9456524680936
10,2023,8,0,111,1532.56,3666.3683949226324
10,2022,8,0,0,1532.56,3695.2319172643183
10,2022,8,0,166,1532.56,3679.9708598338693
10,2023,8,0,148,1532.56,3662.966833929102
6,2022,8,0,0,1532.56,3717.406820606462
12,2022,8,0,17,1532.56,3682.581586217835
4,2023,8,0,0,1532.56,3709.8354329164576
10,2022,8,0,27,1532.56,3692.7496970798456
10,2022,8,0,0,1532.56,3695.2319172643183
1,2023,8,0,191,1532.56,3708.9072009699594
8,2023,8,0,0,1532.56,3687.660529574314
9,2023,16,10,0,1536.48,7200.441874426902
3,2022,2,5,160,1539.59,735.1826605927272
12,2023,7,0,0,1541.54,3191.1547842402215
6,2023,7,0,82,1541.54,3216.878544619125
11,2022,7,0,0,1541.54,3215.3573494368393
12,2023,7,0,146,1541.54,3177.7324084278953
5,2022,7,0,0,1541.54,3248.6197044500586
10,2023,7,0,0,1541.54,3202.242235911297
5,2023,7,0,106,1541.54,3220.2158525129053
12,2022,7,0,0,1541.54,3209.8136236013015
5,2022,7,0,0,1541.54,3248.6197044500586
9,2023,7,0,24,1541.54,3205.5795438050845
2,2022,7,0,121,1541.54,3254.1268581670083
3,2022,7,0,152,1541.54,3245.7331758233704
11,2023,7,0,144,1541.54,3183.460002425243
7,2022,7,0,0,1541.54,3237.5322527789904
6,2022,7,0,0,1541.54,3243.075978614528
9,2023,7,0,0,1541.54,3207.785961746835
2,2023,7,0,0,1541.54,3246.592042595592
7,2022,7,0,12,1541.54,3236.4290438081152
12,2023,7,0,125,1541.54,3179.6630241269304
3,2023,3,15,68,1543.0,922.9909334195763
12,2023,3,15,0,1543.0,879.3489184013742
9,2022,3,15,0,1543.0,914.6389352690676
1,2023,2,20,0,1545.57,327.8382279766447
9,2023,11,5,87,1547.64,4958.950232052044
3,2023,9,10,0,1551.72,3913.3883354965437
11,2022,9,10,0,1551.72,3887.697368173329
4,2022,2,20,3,1552.34,329.590087588389
2,2022,5,0,23,1556.0,2314.474714111944
1,2023,5,0,122,1556.0,2292.258126576671
2,2023,5,0,132,1556.0,2285.7950599320757
10,2023,5,0,119,1556.0,2242.640396299561
8,2023,5,0,0,1556.0,2264.66800359849
12,2023,5,0,85,1556.0,2234.678703379308
10,2023,5,0,171,1556.0,2237.859824092433
3,2023,5,0,26,1556.0,2289.996346672604
11,2023,5,0,0,1556.0,2248.0368260918767
8,2022,5,0,0,1556.0,2283.32684295957
1,2022,5,0,26,1556.0,2319.7426377047595
11,2022,5,0,139,1556.0,2253.916828206973
6,2023,5,0,64,1556.0,2269.8716740915625
7,2023,3,0,0,1557.27,1321.5500454501453
4,2022,3,0,169,1557.27,1341.3032026446672
4,2023,3,0,94,1557.27,1329.5394193515604
8,2023,3,0,0,1557.27,1316.0063196146075
10,2023,3,0,0,1557.27,1304.9188679435392
9,2023,3,0,197,1557.27,1292.3515798405278
3,2022,3,0,0,1557.27,1362.3837881533764
7,2023,3,0,187,1557.27,1304.3583723206611
8,2023,3,0,0,1557.27,1316.0063196146075
7,2023,3,0,0,1557.27,1321.5500454501453
6,2023,3,0,0,1557.27,1327.093771285683
2,2023,3,0,0,1557.27,1349.2686746278341
1,2023,3,0,0,1557.27,1354.812400463372
12,2022,3,0,0,1557.27,1312.4902556335437
5,2022,3,0,192,1557.27,1333.6449929482842
1,2023,3,0,0,1557.27,1354.812400463372
5,2022,5,0,0,1557.85,2299.9580204661834
1,2023,5,0,0,1557.85,2303.474084447247
4,2022,5,0,0,1557.85,2305.501746301721
9,2022,5,0,0,1557.85,2277.7831171240323
5,2022,5,0,121,1557.85,2288.8339966765197
12,2022,5,0,0,1557.85,2261.1519396174263
8,2023,5,0,0,1557.85,2264.66800359849
8,2023,5,0,158,1557.85,2250.1424188152887
8,2023,5,0,0,1557.85,2264.66800359849
1,2022,5,0,0,1557.85,2322.132923808327
9,2022,5,0,0,1557.85,2277.7831171240323
4,2022,5,0,42,1557.85,2301.640514903658
2,2022,5,0,41,1557.85,2312.8199006556315
11,2022,5,0,24,1557.85,2264.4892475112065
1,2023,5,0,0,1557.85,2303.474084447247
8,2023,5,0,20,1557.85,2262.82932198036
4,2023,5,0,0,1557.85,2286.842906940641
8,2022,5,0,0,1557.85,2283.32684295957
1,2023,5,0,96,1557.85,2294.648412680239
5,2023,10,5,0,1562.08,4514.792558441106
9,2023,10,5,172,1562.37,4476.804993183061
9,2022,10,5,0,1562.37,4511.276494460035
1,2022,4,15,0,1569.13,1433.3195839452965
2,2022,4,15,48,1569.13,1423.3630222262582
10,2023,4,15,167,1569.13,1349.4142205530297
5,2023,4,15,0,1569.13,1392.4858412420726
8,2022,4,15,181,1569.13,1377.8734344524928
9,2023,12,0,39,1569.84,5575.854742551186
5,2023,12,0,0,1569.84,5601.615075048681
4,2023,12,0,0,1569.84,5607.158800884219
3,2022,12,0,0,1569.84,5631.361366080837
4,2022,12,0,0,1569.84,5625.817640245299
4,2023,12,0,38,1569.84,5603.66530580978
5,2023,12,0,54,1569.84,5596.65063467974
3,2023,3,15,116,1570.11,918.5780975360685
8,2022,2,0,154,1574.64,846.1764685241797
1,2023,2,0,0,1574.64,880.4815584714306
2,2022,2,0,66,1574.64,887.5290226571524
3,2023,2,0,90,1574.64,861.1200395187843
10,2023,2,0,0,1574.64,830.588025951598
6,2022,2,0,0,1574.64,871.4217686548218
3,2022,2,0,0,1574.64,888.0529461614351
9,2022,2,0,0,1574.64,854.7905911482158
5,2022,6,15,0,1587.12,2359.806364587035
8,2022,6,15,158,1587.12,2328.6496022972206
1,2023,3,0,0,1588.53,1354.812400463372
9,2023,3,0,149,1588.53,1296.7644157240356
2,2022,3,0,133,1588.53,1355.700281228368
7,2022,3,0,0,1588.53,1340.2088848112253
4,2022,3,0,0,1588.53,1356.8400623178386
3,2023,3,0,0,1588.53,1343.7249487922963
8,2023,3,0,0,1588.53,1316.0063196146075
4,2022,3,0,0,1588.53,1356.8400623178386
6,2023,3,0,0,1588.53,1327.093771285683
5,2023,3,0,0,1588.53,1332.6374971212208
8,2023,9,15,0,1588.75,3747.5088736951584
4,2022,15,0,0,1600.5,7048.810166221119
3,2022,4,10,0,1604.7,1560.3929648979247
9,2022,4,10,73,1604.7,1520.419421978535
3,2022,9,0,0,1609.38,4208.368840105017
4,2022,9,0,0,1609.38,4202.825114269479
3,2023,9,0,122,1609.38,4178.494042873361
1,2022,9,0,34,1609.38,4216.330533025277
2,2022,9,0,46,1609.38,4209.683598218864
6,2022,9,0,0,1609.38,4191.737662598403
10,2023,9,0,0,1609.38,4150.90391989518
11,2023,10,10,0,1609.38,4343.36937080419
7,2023,6,10,0,1610.93,2468.220906178576
1,2022,2,15,98,1613.98,475.6483600326028
7,2023,2,15,151,1617.06,418.85465937025583
10,2022,5,15,138,1618.36,1845.0699902523338
1,2023,5,15,103,1618.36,1879.5223762428068
9,2023,2,0,29,1620.62,833.465663440853
1,2022,2,0,0,1620.62,899.1403978325106
9,2022,2,0,116,1620.62,844.1262377630774
10,2022,2,0,0,1620.62,849.246865312678
3,2022,2,0,80,1620.62,880.6982196889294
12,2023,2,0,0,1620.62,819.5005742805224
8,2023,2,0,0,1620.62,841.6754776226735
12,2023,2,0,0,1620.62,819.5005742805224
12,2023,2,0,0,1620.62,819.5005742805224
1,2022,11,10,182,1627.86,4875.064307787623
7,2022,11,0,0,1629.1,5134.855620746748
3,2022,11,0,0,1629.1,5157.030524088896
12,2022,11,0,32,1629.1,5104.195100980061
10,2022,17,10,138,1632.51,7675.200926779311
2,2023,3,10,0,1633.77,1072.9470093804412
1,2022,2,15,0,1642.17,484.6578999614212
11,2023,10,0,0,1644.3,4619.691036051583
7,2023,10,0,0,1644.3,4641.865939393727
10,2022,10,0,0,1644.3,4643.893601248194
5,2023,10,0,66,1644.3,4646.885741724982
8,2023,10,0,166,1644.3,4621.06115612774
7,2023,10,0,0,1644.3,4641.865939393727
10,2023,10,0,187,1644.3,4608.043088757637
7,2022,10,0,130,1644.6,4648.573348236983
12,2022,10,0,189,1644.6,4615.430608285824
1,2022,10,0,159,1644.6,4679.169614903927
6,2023,10,0,183,1644.6,4630.585728423408
7,2022,10,0,0,1644.6,4660.524778754807
1,2023,10,0,0,1644.6,4675.128294406946
6,2023,10,0,0,1644.6,4647.409665229265
3,2022,2,5,129,1648.27,738.0326171008201
4,2022,2,15,170,1649.36,452.3979287007314
10,2023,3,20,119,1649.74,741.3353818208998
9,2022,3,10,2,1650.97,1052.615899730954
1,2023,14,20,0,1658.72,6019.808331879925
8,2022,14,20,160,1658.72,5984.95163744723
12,2023,14,20,107,1658.72,5948.990401032039
12,2023,4,20,0,1661.09,1215.518927769619
3,2022,8,0,88,1661.44,3725.947798993315
5,2022,8,0,0,1661.44,3722.950546442
12,2022,8,0,0,1661.44,3684.144465593243
6,2022,10,20,138,1661.44,4100.7382709304875
4,2023,8,0,0,1661.44,3709.8354329164576
3,2022,4,10,0,1661.44,1560.3929648979247
3,2023,4,10,0,1661.44,1541.7341255368447
11,2023,8,0,59,1661.44,3665.60524129423
2,2022,4,10,0,1661.44,1565.9366907334625
8,2023,4,10,0,1661.44,1514.0154963591558
4,2022,8,0,0,1661.44,3728.4942722775377
5,2022,3,10,0,1662.47,1074.9746712349079
8,2023,4,5,83,1662.99,1644.5458002676241
6,2023,4,5,0,1662.99,1663.2637806539278
4,2022,2,0,175,1668.24,866.4207561672883
2,2022,2,0,0,1668.24,893.5966719969729
1,2022,2,0,132,1668.24,887.0050991528769
1,2022,2,0,0,1668.24,899.1403978325106
6,2022,2,0,0,1668.24,871.4217686548218
3,2023,2,0,58,1668.24,864.0619301077895
4,2022,2,0,0,1668.24,882.5092203258973
5,2023,2,0,0,1668.24,858.3066551292795
4,2023,2,0,0,1668.24,863.8503809648173
6,2023,2,0,0,1668.24,852.7629292937418
3,2022,2,0,83,1668.24,880.422417446207
5,2022,7,20,198,1670.59,2677.7734259358185
11,2023,5,10,0,1677.15,1971.7151608444838
8,2023,6,10,60,1680.48,2457.1611354886554
7,2022,6,10,0,1680.48,2486.879745539656
10,2022,6,10,97,1682.48,2461.3309621851295
8,2022,6,10,0,1682.48,2481.3360197041184
12,2023,9,15,0,1684.68,3725.3339703530146
7,2023,9,15,0,1684.68,3753.052599530696
2,2023,4,20,133,1694.43,1258.7289533644434
11,2022,4,20,141,1694.43,1226.7587875584431
9,2022,10,5,0,1698.79,4511.276494460035
5,2023,13,0,0,1700.66,6075.945917040623
1,2022,3,20,0,1706.38,820.827909329666
8,2022,16,0,0,1707.2,7500.9661048709095
12,2023,2,10,0,1708.92,543.1789090331295
6,2022,9,0,187,1710.09,4174.545989468919
12,2022,9,0,196,1710.09,4140.45622772754
5,2023,9,0,0,1710.09,4178.622549072861
10,2022,9,0,84,1710.09,4161.840296460126
10,2022,9,0,14,1710.09,4168.275682123574
5,2022,9,0,0,1710.09,4197.281388433941
3,2022,9,0,0,1710.09,4208.368840105017
6,2022,9,0,25,1710.09,4189.439310575748
10,2023,9,0,10,1710.09,4149.9845790861145
1,2023,2,10,30,1712.18,601.4018707968498
9,2022,5,10,83,1713.56,1993.8309231614112
11,2023,12,20,0,1716.67,5015.709389540672
11,2022,11,5,0,1718.29,4974.519884780904
1,2022,9,0,174,1724.13,4203.459761698388
12,2022,9,0,141,1724.13,4145.51260217739
7,2023,9,0,0,1724.13,4167.535097401786
4,2023,9,0,0,1724.13,4184.166274908399
9,2023,3,5,0,1724.54,1172.3017611553805
2,2022,2,0,198,1735.02,875.3937239775187
2,2023,2,0,0,1735.02,874.9378326358928
12,2022,2,0,0,1735.02,838.1594136416024
11,2023,2,0,0,1735.02,825.0443001160602
8,2022,2,0,0,1735.02,860.3343169837535
12,2022,3,5,152,1742.69,1160.3554427120835
9,2023,3,5,52,1742.69,1167.5211889482525
1,2023,3,5,88,1742.69,1208.5613687199148
11,2023,7,20,0,1742.72,2644.0551795809733
7,2022,7,20,0,1742.72,2684.8889222842045
11,2023,7,20,178,1744.79,2627.690913179642
3,2023,4,0,0,1750.52,1818.0557907842376
8,2023,4,0,121,1750.52,1779.2131378168851
11,2023,4,0,0,1750.52,1773.7059840999427
12,2022,4,0,0,1750.52,1786.821097625485
12,2023,4,0,0,1750.52,1768.162258264405
8,2023,4,0,0,1750.52,1790.3371616065488
2,2022,4,0,199,1750.52,1823.9634738804962
10,2022,4,0,0,1750.52,1797.9085492965605
9,2022,4,0,55,1750.52,1798.3959006822406
1,2023,4,0,0,1750.52,1829.1432424553059
6,2022,4,0,172,1750.52,1804.2707907228105
7,2023,4,0,0,1750.52,1795.8808874420865
11,2022,4,0,199,1750.52,1774.0699413606635
2,2022,4,0,177,1750.52,1825.9860236604363
7,2022,4,0,26,1750.52,1812.149440699599
4,2023,4,0,23,1750.52,1810.3975810878546
11,2022,4,0,126,1750.52,1780.7811292668266
9,2023,4,0,22,1750.52,1782.7708859910708
8,2023,4,0,0,1750.52,1790.3371616065488
9,2022,4,0,0,1750.52,1803.452275132091
3,2022,4,0,166,1750.52,1821.4535727148686
8,2022,4,0,101,1750.52,1799.710658796088
11,2023,4,5,37,1753.74,1632.1435904827085
8,2022,3,5,0,1754.83,1196.504326351991
12,2022,3,5,0,1754.83,1174.3294230098472
12,2022,8,0,145,1761.76,3670.8140238618216
1,2022,8,0,0,1761.76,3745.125449784151
4,2022,8,0,0,1761.76,3728.4942722775377
2,2022,8,0,0,1761.76,3739.581723948613
12,2022,8,0,46,1761.76,3679.9154978715524
4,2023,8,0,0,1761.76,3709.8354329164576
4,2022,8,0,0,1761.76,3728.4942722775377
2,2022,8,0,52,1761.76,3734.8011517414852
10,2023,8,0,37,1761.76,3673.1715169097006
5,2022,8,0,0,1761.76,3722.950546442
12,2023,4,15,102,1764.91,1344.3024841408696
2,2023,5,5,0,1770.32,2159.769525988013
6,2022,7,15,0,1775.0,2828.5934807434387
6,2022,7,15,38,1775.0,2825.099985668996
12,2022,9,5,0,1775.66,4020.3144749614876
3,2023,6,5,75,1775.95,2621.661586076443
3,2023,6,5,0,1775.95,2628.5566421444164
4,2023,6,5,160,1775.95,2608.303463363867
12,2023,11,15,172,1776.59,4658.182992421003
9,2022,7,15,39,1780.36,2808.3768740814776
5,2022,4,0,0,1783.0,1825.627178474242
5,2022,4,0,0,1783.0,1825.627178474242
8,2022,4,0,136,1783.0,1796.4929659643676
8,2023,4,0,154,1783.0,1776.179313146975
4,2022,4,0,185,1783.0,1814.1630993421059
5,2023,5,20,0,1783.0,1728.6558506103174
2,2022,4,0,0,1783.0,1842.2583559808554
2,2022,4,0,0,1783.0,1842.2583559808554
3,2023,4,0,67,1783.0,1811.896207363512
9,2022,4,0,0,1783.0,1803.452275132091
9,2022,4,0,0,1783.0,1803.452275132091
3,2022,4,0,44,1783.0,1832.6695305854373
7,2023,10,0,45,1788.2,4637.7289057529415
11,2022,10,0,0,1788.2,4638.349875412663
7,2022,10,0,51,1788.2,4655.836140628584
1,2023,10,0,118,1788.2,4664.280072859998
12,2023,10,0,0,1788.2,4614.147310216045
8,2023,10,0,0,1788.2,4636.322213558189
8,2023,10,0,176,1788.2,4620.141815318675
11,2022,10,0,45,1788.2,4634.212841771878
8,2022,10,0,7,1788.2,4654.3375143529265
9,2023,10,0,0,1788.2,4630.778487722651
7,2022,10,0,0,1788.2,4660.524778754807
10,2022,10,0,179,1788.2,4627.437400765957
10,2022,10,0,162,1788.2,4629.000280141365
11,2022,10,0,3,1788.2,4638.074073169941
12,2023,10,0,148,1788.2,4600.541066241909
10,2023,3,0,46,1789.47,1300.6899002218488
3,2023,3,0,50,1789.47,1339.1282447469785
2,2022,3,0,0,1789.47,1367.9275139889141
10,2022,3,0,149,1789.47,1309.879529249578
2,2022,3,0,116,1789.47,1357.2631606037758
1,2022,3,0,183,1789.47,1356.6473030185953
11,2023,3,0,197,1789.47,1281.2641281694523
8,2023,3,0,51,1789.47,1311.3176814883846
2,2022,3,0,0,1789.47,1367.9275139889141
12,2022,3,0,7,1789.47,1311.846717067201
6,2023,3,0,164,1789.47,1312.0165820170441
3,2022,3,0,0,1789.47,1362.3837881533764
10,2023,3,0,0,1789.47,1304.9188679435392
6,2022,6,0,78,1789.92,2761.5742783118912
1,2023,6,0,0,1789.92,2777.8049264391884
9,2022,6,0,0,1789.92,2752.1139591159736
6,2022,6,0,64,1789.92,2762.8613554445838
11,2023,6,0,0,1789.92,2722.367668083818
3,2022,6,0,20,1789.92,2783.537632511063
12,2022,6,0,177,1789.92,2719.210449288941
5,2022,6,0,0,1789.92,2774.2888624581246
3,2023,6,0,97,1789.92,2757.7998689201995
4,2022,6,0,55,1789.92,2774.7762138438047
8,2022,6,0,0,1789.92,2757.6576849515113
11,2023,6,0,0,1789.92,2722.367668083818
12,2023,6,0,192,1789.92,2699.1725987142636
10,2022,6,0,150,1789.92,2732.780121144482
8,2023,6,0,83,1789.92,2731.368316875203
5,2023,6,0,0,1789.92,2755.6300230970446
12,2023,6,0,0,1789.92,2716.82394224828
7,2023,6,0,182,1789.92,2727.8105687010175
5,2022,6,0,85,1795.32,2766.4744655810864
3,2023,6,0,88,1795.32,2758.627275648352
6,2022,6,0,186,1795.32,2751.645397574008
3,2022,6,0,107,1795.32,2775.5393674722145
5,2023,6,0,0,1795.32,2755.6300230970446
6,2023,6,0,0,1795.32,2750.086297261507
5,2023,6,0,0,1795.32,2755.6300230970446
7,2023,6,0,0,1795.32,2744.542571425969
6,2022,6,0,19,1795.32,2766.998389085369
7,2022,6,0,165,1795.32,2748.032287437505
11,2022,6,0,178,1795.32,2724.6622410435666
4,2023,6,0,111,1795.32,2750.9690659519692
8,2022,2,5,0,1807.3,722.173484360057
9,2023,3,0,0,1808.01,1310.462593779077
7,2022,3,0,15,1808.01,1338.8298735976277
11,2022,3,0,0,1808.01,1318.0339814690815
7,2023,3,0,0,1808.01,1321.5500454501453
3,2023,3,0,83,1808.01,1336.0944200770682
1,2023,3,0,4,1808.01,1354.4446641397444
10,2023,3,0,0,1808.01,1304.9188679435392
11,2022,3,0,7,1808.01,1317.3904429027389
11,2023,3,0,135,1808.01,1286.9640411856453
12,2023,3,0,52,1808.01,1289.0508440653357
1,2022,3,0,9,1808.01,1372.643833096292
1,2022,3,0,0,1808.01,1373.471239824452
1,2023,3,0,105,1808.01,1345.1593219682036
12,2022,3,0,0,1808.01,1312.4902556335437
1,2023,3,0,0,1808.01,1354.812400463372
4,2022,3,0,51,1808.01,1352.1514241916157
10,2022,3,0,185,1808.01,1306.5699023369452
2,2022,11,0,0,1808.73,5162.574249924433
10,2023,11,0,0,1808.73,5099.5656038790585
3,2023,11,0,9,1808.73,5137.544277999659
12,2023,5,5,0,1808.75,2104.3322676326497
10,2023,5,5,0,1808.75,2115.419719303718
2,2022,3,15,139,1813.02,940.6661788718411
11,2022,3,15,111,1813.02,893.3468006173862
6,2022,3,15,0,1813.02,931.2701127756736
10,2023,17,0,0,1813.9,7945.550655830699
2,2023,3,0,0,1815.3,1349.2686746278341
8,2022,3,0,88,1815.3,1326.5749598559269
9,2023,3,0,132,1815.3,1298.3272950994433
5,2023,3,0,0,1815.3,1332.6374971212208
10,2022,3,0,1,1815.3,1323.4857732237142
4,2022,3,0,73,1815.3,1350.1288744116755
1,2022,3,0,0,1815.3,1373.471239824452
1,2023,3,0,0,1815.3,1354.812400463372
5,2022,3,0,0,1815.3,1351.2963364823008
7,2022,3,0,147,1815.3,1326.694574917994
1,2023,3,0,108,1815.3,1344.8835197254884
10,2023,3,0,0,1815.3,1304.9188679435392
11,2023,3,0,117,1815.3,1288.618854641958
8,2023,3,0,0,1815.3,1316.0063196146075
4,2023,12,20,0,1824.1,5054.515470389433
5,2023,14,0,95,1831.48,6541.543021346461
6,2023,14,0,27,1831.48,6542.250813012553
12,2023,3,0,1,1834.41,1293.7394821915586
7,2022,3,0,13,1834.41,1339.013741759445
9,2022,3,0,0,1834.41,1329.121433140157
7,2023,3,0,0,1834.41,1321.5500454501453
12,2022,3,0,28,1834.41,1309.916101368166
10,2022,3,0,144,1834.41,1310.3391996541031
4,2022,3,0,93,1834.41,1348.2901927935454
1,2023,3,0,7,1834.41,1354.1688618970293
1,2023,3,0,77,1834.41,1347.7334762335813
9,2023,3,0,2,1834.41,1310.278725617267
9,2022,3,0,47,1834.41,1324.8005313375616
9,2023,3,0,168,1834.41,1295.0176681868106
11,2023,3,0,139,1834.41,1286.5963048620179
8,2022,3,0,0,1834.41,1334.6651589756875
1,2023,3,0,0,1834.41,1354.812400463372
3,2023,3,0,46,1834.41,1339.495981070606
8,2022,3,0,1,1834.41,1334.5732248947825
1,2022,3,0,81,1834.41,1366.0245792710411
9,2022,4,0,135,1846.04,1791.041174209735
2,2022,4,0,0,1846.04,1842.2583559808554
11,2023,4,0,0,1846.04,1773.7059840999427
7,2023,5,20,0,1846.04,1717.568398939242
5,2022,4,0,60,1846.04,1820.1111336198592
12,2023,4,0,59,1846.04,1762.7381474909344
11,2023,4,0,0,1846.04,1773.7059840999427
4,2023,4,0,160,1846.04,1797.8026120036884
3,2023,4,0,0,1846.04,1818.0557907842376
2,2022,4,0,0,1846.04,1842.2583559808554
3,2023,4,0,171,1846.04,1802.335062949256
2,2023,4,0,25,1846.04,1821.30116459712
10,2022,4,0,44,1846.04,1793.8634497366802
7,2022,4,0,0,1846.04,1814.5397268031666
2,2022,4,0,105,1846.04,1832.605277485687
2,2023,4,0,169,1846.04,1808.062656946604
5,2022,4,0,142,1846.04,1812.5725389855434
12,2023,4,0,0,1846.04,1768.162258264405
12,2022,3,0,106,1847.19,1302.7452430574704
12,2022,3,0,166,1847.19,1297.2291982030947
8,2022,3,0,122,1847.19,1323.4492011051116
9,2023,3,0,0,1847.19,1310.462593779077
9,2022,3,0,0,1847.19,1329.121433140157
7,2022,3,0,0,1847.19,1340.2088848112253
9,2023,3,0,167,1847.19,1295.1096022677157
1,2023,3,0,43,1847.19,1350.8592349843966
2,2023,3,0,0,1847.19,1349.2686746278341
11,2023,3,0,13,1847.19,1298.1799990562213
3,2022,3,0,0,1847.19,1362.3837881533764
10,2023,3,0,0,1847.19,1304.9188679435392
8,2022,3,0,0,1847.19,1334.6651589756875
10,2023,3,0,0,1847.19,1304.9188679435392
1,2023,3,0,0,1847.19,1354.812400463372
6,2023,3,0,41,1847.19,1323.3244739685251
2,2022,7,15,0,1851.64,2850.7683840855825
6,2023,7,15,105,1853.84,2800.2815628871904
1,2022,5,0,0,1863.5,2322.132923808327
10,2022,5,0,196,1863.5,2254.2203114308504
3,2022,5,0,7,1863.5,2310.4019335709163
12,2022,5,0,104,1863.5,2251.5907952031703
11,2023,5,0,0,1863.5,2248.0368260918767
11,2023,5,0,0,1863.5,2248.0368260918767
2,2022,5,0,0,1863.5,2316.5891979727894
10,2023,5,0,0,1863.5,2253.5805519274145
9,2023,5,0,135,1863.5,2246.713176840596
11,2022,5,0,6,1863.5,2266.144060967519
6,2023,5,0,146,1863.5,2262.3330794572394
12,2022,5,0,0,1863.5,2261.1519396174263
12,2022,5,0,47,1863.5,2256.831037814831
9,2022,6,0,0,1867.2,2752.1139591159736
9,2022,6,0,94,1867.2,2743.4721555107753
11,2022,6,0,132,1867.2,2728.8912087652643
2,2022,6,0,0,1867.2,2790.9200399647307
4,2022,6,0,0,1867.2,2779.832588293655
1,2023,6,0,192,1867.2,2760.153582905172
1,2022,6,0,0,1867.2,2796.4637658002684
9,2022,6,0,0,1867.2,2752.1139591159736
10,2022,6,0,0,1867.2,2746.570233280436
6,2023,6,0,0,1867.2,2750.086297261507
9,2023,6,0,72,1867.2,2726.8358659296355
8,2023,6,0,0,1867.2,2738.9988455904313
11,2022,4,10,154,1868.72,1501.885309754056
11,2023,4,10,99,1868.72,1488.282844842819
8,2023,4,10,0,1868.72,1514.0154963591558
10,2022,9,0,114,1869.12,4159.082274032939
1,2023,9,0,0,1869.12,4200.797452415012
12,2023,9,0,123,1869.12,4128.508576272623
7,2023,10,10,28,1869.12,4362.970119880956
9,2022,9,0,0,1869.12,4175.106485091797
8,2023,9,0,140,1869.12,4149.120600239359
12,2022,6,0,178,1869.42,2719.118515208029
12,2023,6,0,0,1869.42,2716.82394224828
12,2023,6,0,21,1869.42,2714.893326549245
5,2022,6,0,184,1869.42,2757.3729915713557
2,2023,6,0,0,1869.42,2772.2612006036507
3,2022,6,0,136,1869.42,2772.8732791259317
5,2023,6,0,0,1869.42,2755.6300230970446
12,2022,6,0,0,1869.42,2735.4827816093602
6,2023,6,0,0,1869.42,2750.086297261507
10,2022,6,0,55,1869.42,2741.5138588305854
11,2023,6,0,0,1869.42,2722.367668083818
8,2022,6,0,115,1869.42,2747.0852656472853
3,2023,6,0,0,1869.42,2766.717474768113
9,2022,6,0,66,1869.42,2746.046309776153
11,2022,6,0,175,1869.42,2724.938043286289
1,2022,6,0,0,1869.42,2796.4637658002684
10,2023,6,0,0,1869.42,2727.9113939193558
7,2023,6,0,62,1869.42,2738.842658409776
6,2023,6,0,0,1869.42,2750.086297261507
9,2022,6,0,0,1869.42,2752.1139591159736
5,2022,6,0,0,1869.42,2774.2888624581246
2,2023,6,0,45,1869.42,2768.1241669628653
7,2023,10,15,70,1871.87,4220.948055859197
6,2022,7,10,91,1879.42,2958.3883120046594
8,2022,7,10,112,1885.09,2945.3702446345487
3,2022,3,20,0,1889.57,809.7404576585905
7,2023,3,20,0,1889.57,768.9067149553593
1,2023,2,0,0,1898.8,880.4815584714306
10,2022,2,0,0,1898.8,849.246865312678
12,2022,2,0,0,1898.8,838.1594136416024
1,2023,2,0,0,1898.8,880.4815584714306
10,2023,2,0,0,1898.8,830.588025951598
12,2023,2,0,75,1898.8,812.6055182125492
12,2023,2,0,0,1898.8,819.5005742805224
9,2023,2,0,22,1898.8,834.1092020071956
3,2022,2,0,0,1898.8,888.0529461614351
7,2023,10,0,72,1900.1,4635.246685568469
7,2022,10,0,0,1900.1,4660.524778754807
9,2022,10,0,68,1900.1,4643.185809582101
4,2023,10,0,112,1900.1,4648.200499838829
8,2023,10,0,0,1900.1,4636.322213558189
4,2022,10,0,186,1900.1,4660.056217212841
9,2022,2,0,181,1902.42,838.1505225041692
4,2023,2,0,197,1902.42,845.7393670262682
1,2023,2,0,93,1902.42,871.9316889471374
12,2023,2,0,157,1902.42,805.0669235782261
4,2023,2,0,191,1902.42,846.2909715117057
8,2022,2,0,0,1902.42,860.3343169837535
8,2022,5,0,0,1903.95,2283.32684295957
9,2022,5,0,0,1903.95,2277.7831171240323
12,2023,5,0,0,1903.95,2242.493100256346
10,2022,5,0,71,1903.95,2265.7120715441415
12,2022,5,0,77,1903.95,2254.0730153876357
5,2022,5,0,0,1903.95,2299.9580204661834
11,2023,5,0,182,1903.95,2231.304823366925
12,2023,5,0,86,1903.95,2234.586769298403
6,2022,5,0,0,1903.95,2294.4142946306456
4,2022,5,0,0,1903.95,2305.501746301721
2,2022,5,0,9,1903.95,2315.7617912446294
2,2022,5,0,40,1903.95,2312.9118347365365
10,2022,5,0,50,1903.95,2267.6426872431766
7,2022,5,0,149,1903.95,2275.1723907400665
1,2023,5,0,61,1903.95,2297.866105511959
1,2022,5,0,57,1903.95,2316.8926811966667
10,2022,5,0,169,1903.95,2256.702531615323
6,2023,5,0,187,1903.95,2258.5637821400815
10,2022,5,0,0,1903.95,2272.2393912884945
2,2022,8,20,60,1915.01,3181.4223485994444
5,2023,10,0,0,1915.7,4652.953391064802
1,2023,10,0,0,1915.7,4675.128294406946
6,2023,3,10,93,1919.67,1042.222236513997
6,2022,2,0,0,1931.96,871.4217686548218
3,2023,2,0,0,1931.96,869.3941068003551
2,2022,2,0,0,1931.96,893.5966719969729
4,2022,2,0,0,1931.96,882.5092203258973
3,2023,2,0,98,1931.96,860.3845668715367
6,2023,4,20,95,1936.32,1240.0475450967351
11,2022,11,20,165,1937.94,4544.8682635602745
1,2023,2,0,59,1940.42,875.05744769796
1,2023,2,0,0,1940.42,880.4815584714306
11,2022,11,15,0,1941.81,4698.198219533508
11,2022,11,15,0,1941.81,4698.198219533508
2,2022,6,15,122,1942.03,2365.2215842230653
12,2023,4,20,0,1956.7,1215.518927769619
6,2023,3,5,134,1959.06,1176.6137718205355
2,2023,3,5,82,1959.06,1203.5692473698145
11,2022,7,10,5,1960.56,2938.576013784914
2,2023,7,10,0,1960.56,2970.270377348199
8,2023,5,15,92,1961.42,1841.7275702840197
6,2023,15,0,0,1962.3,7019.063875188964
5,2023,7,10,116,1962.89,2942.9748464564473
5,2023,5,10,0,1969.34,2004.9775158577104
12,2022,4,20,21,1970.34,1232.247151431664
5,2022,4,20,0,1970.34,1272.9838479794562
5,2023,4,5,0,1972.54,1668.8075064894656
3,2022,10,5,0,1972.96,4544.5388494732615
4,2023,12,0,101,1973.16,5597.873458712678
4,2023,12,0,146,1973.52,5593.736425071893
5,2023,12,0,132,1973.52,5589.479776369044
6,2022,12,0,97,1973.52,5605.812582726314
7,2023,12,0,147,1973.52,5577.013313484378
8,2023,9,0,151,1981.98,4148.109325349389
9,2023,9,0,0,1981.98,4156.44764573071
9,2023,9,0,0,1981.98,4156.44764573071
11,2023,9,0,0,1981.98,4145.360194059642
7,2022,9,0,0,1981.98,4186.193936762866
10,2023,9,0,60,1981.98,4145.387875040797
5,2022,9,0,0,1981.98,4197.281388433941
6,2023,3,20,79,2001.89,767.1876483992964
6,2023,3,20,0,2001.89,774.4504407908971
7,2023,3,15,0,2007.67,907.0675475790558
7,2022,4,5,0,2012.14,1676.37889417947
7,2022,6,10,116,2012.58,2476.2153921545178
3,2023,6,10,82,2012.58,2482.857214886397
11,2023,19,0,0,2027.3,8888.66861397904
10,2022,19,0,0,2027.3,8912.871179175658
5,2023,6,10,0,2056.27,2479.3083578496517
8,2022,3,0,99,2062.17,1325.5636849659568
12,2023,3,0,1,2062.17,1293.7394821915586
10,2023,3,0,34,2062.17,1301.793109192724
10,2023,3,0,0,2062.17,1304.9188679435392
10,2022,3,0,0,2062.17,1323.5777073046193
10,2023,3,0,0,2062.17,1304.9188679435392
1,2023,3,0,133,2062.17,1342.5851677028259
12,2022,3,0,0,2062.17,1312.4902556335437
8,2022,3,0,5,2062.17,1334.205488571155
4,2023,7,5,0,2069.48,3097.34375830082
3,2023,7,5,0,2069.48,3102.8874841363577
7,2022,7,5,4,2071.94,3099.0036838316664
1,2022,7,5,0,2071.94,3132.6337751685132
12,2022,5,20,107,2076.36,1698.671662465662
10,2022,4,0,14,2076.36,1796.6214721638753
12,2022,4,0,0,2076.36,1786.821097625485
12,2023,4,0,0,2076.36,1768.162258264405
12,2022,4,0,0,2076.36,1786.821097625485
3,2022,4,0,187,2076.36,1819.5229570158335
5,2023,4,0,58,2076.36,1801.6361624205965
12,2023,4,0,0,2076.36,1768.162258264405
3,2022,5,20,0,2076.36,1758.402141642473
2,2023,4,0,0,2076.36,1823.5995166197754
6,2022,10,0,159,2076.8,4651.450985726238
12,2022,10,0,0,2076.8,4632.806149577125
11,2022,10,0,0,2076.8,4638.349875412663
6,2023,5,10,0,2076.8,1999.4337900221726
9,2023,10,0,0,2076.8,4630.778487722651
8,2023,7,0,191,2088.24,3195.770278129261
4,2023,7,0,1,2088.24,3235.4126568436113
9,2022,7,0,171,2088.24,3210.7240732729333
7,2022,7,0,0,2088.24,3237.5322527789904
8,2023,7,0,6,2088.24,3212.778083096935
8,2023,7,0,56,2088.24,3208.181379051617
11,2022,7,0,36,2088.24,3212.047722524214
2,2022,7,0,180,2088.24,3248.7027473935304
8,2023,7,0,149,2088.24,3199.631509527331
4,2022,7,0,0,2088.24,3254.1634302855964
10,2023,7,0,104,2088.24,3192.681091497041
8,2023,7,0,31,2088.24,3210.4797310742724
8,2022,7,0,43,2088.24,3228.0353614644773
4,2022,7,0,179,2088.24,3237.70722980336
5,2023,7,0,0,2088.24,3229.9608650889786
8,2022,7,0,44,2088.24,3227.9434273835723
9,2022,7,0,0,2088.24,3226.444801107915
10,2022,11,0,93,2090.11,5109.674573715849
12,2023,11,0,0,2090.11,5088.478152207983
4,2023,11,0,0,2090.11,5132.8279588922815
1,2022,4,15,0,2093.48,1433.3195839452965
10,2022,4,15,0,2093.48,1383.4260514254638
3,2023,3,5,0,2093.81,1205.5641161685999
2,2022,3,5,53,2093.81,1224.8941750771846
6,2023,3,5,72,2093.81,1182.3136848367285
11,2023,7,0,0,2094.54,3196.6985100757593
4,2023,7,0,0,2094.54,3235.5045909245164
9,2022,7,0,0,2094.54,3226.444801107915
7,2022,7,0,0,2094.54,3237.5322527789904
10,2023,7,0,0,2094.54,3202.242235911297
7,2022,7,0,5,2094.54,3237.072582374458
4,2022,7,0,17,2094.54,3252.6005509101888
8,2023,7,0,57,2094.54,3208.089444970712
7,2023,7,0,0,2094.54,3218.8734134179103
9,2022,7,0,0,2094.54,3226.444801107915
10,2023,7,0,0,2094.54,3202.242235911297
9,2023,7,0,0,2094.54,3207.785961746835
8,2022,7,0,191,2094.54,3214.429117490341
11,2023,7,0,0,2094.54,3196.6985100757593
1,2023,7,0,0,2094.54,3252.1357684311297
6,2022,7,0,0,2094.54,3243.075978614528
7,2023,7,0,196,2094.54,3200.8543335602662
7,2022,6,20,169,2100.62,2195.0212206190918
9,2023,11,0,146,2107.27,5091.686953902266
3,2023,11,0,0,2107.27,5138.371684727816
11,2023,8,15,87,2116.16,3248.5485891577628
6,2022,5,5,2,2117.31,2156.069593845139
4,2022,4,0,124,2118.04,1819.7710782773938
3,2022,4,0,106,2118.04,1826.9696175692443
6,2023,4,0,0,2118.04,1801.4246132776243
12,2023,4,0,0,2118.04,1768.162258264405
5,2022,4,0,0,2118.04,1825.627178474242
5,2022,4,0,0,2118.04,1825.627178474242
4,2022,4,0,53,2118.04,1826.2983980217468
4,2022,4,0,0,2118.04,1831.1709043097799
7,2023,4,0,0,2118.04,1795.8808874420865
11,2023,4,0,52,2118.04,1768.9254118928147
1,2023,4,0,34,2118.04,1826.0174837044906
4,2022,4,0,69,2118.04,1824.8274527272442
4,2022,4,0,0,2118.04,1831.1709043097799
7,2023,4,0,16,2118.04,1794.409942147584
10,2022,4,0,83,2118.04,1790.2780205813324
11,2023,4,0,0,2118.04,1773.7059840999427
12,2023,4,0,0,2118.04,1768.162258264405
5,2023,8,15,85,2118.68,3281.994812332792
4,2022,3,15,0,2127.01,942.3575644467492
4,2022,3,15,34,2127.01,939.2318056959339
3,2022,3,15,0,2127.01,947.9012902822869
3,2023,7,20,180,2132.42,2671.8568517021267
5,2023,3,0,0,2132.97,1332.6374971212208
8,2023,3,0,195,2132.97,1298.0791738378684
12,2023,3,0,0,2132.97,1293.8314162724637
5,2022,3,0,0,2132.97,1351.2963364823008
3,2022,3,0,0,2132.97,1362.3837881533764
2,2022,3,0,0,2132.97,1367.9275139889141
6,2022,3,0,0,2132.97,1345.752610646763
6,2022,3,0,0,2132.97,1345.752610646763
5,2022,3,0,194,2132.97,1333.461124786474
4,2022,3,0,0,2132.97,1356.8400623178386
4,2023,13,0,0,2137.98,6081.48964287616
4,2022,13,0,0,2137.98,6100.14848223724
8,2023,13,0,0,2137.98,6059.314739534013
10,2022,12,0,0,2145.84,5592.555285232076
12,2022,12,0,0,2145.84,5581.467833561004
11,2022,12,0,192,2145.84,5569.360215862522
10,2023,12,0,0,2145.84,5573.896445870996
7,2023,12,0,0,2145.84,5590.527623377609
4,2022,9,20,0,2147.9,3650.181783774693
1,2022,9,20,0,2147.9,3666.8129612813063
4,2022,9,20,177,2147.9,3633.909451454274
5,2022,4,10,129,2169.61,1537.4460167899306
7,2022,4,10,0,2169.61,1538.2180615557736
9,2022,4,10,0,2169.61,1527.130609884698
6,2023,4,10,0,2169.61,1525.1029480302313
10,2022,11,5,0,2170.26,4980.063610616442
8,2022,6,5,0,2170.5,2619.496852327815
7,2022,6,5,111,2170.5,2614.8358951827468
11,2022,24,15,0,2176.68,10864.49916542873
11,2023,4,10,79,2178.36,1490.121526460949
7,2022,4,10,96,2178.36,1529.3923897887653
3,2022,4,10,0,2178.36,1560.3929648979247
6,2022,7,0,100,2178.4,3233.8825705238924
12,2022,7,0,111,2178.4,3199.6089406206956
2,2023,7,0,53,2178.4,3241.719536307559
3,2023,7,0,158,2178.4,3226.522731976853
4,2022,7,0,0,2178.4,3254.1634302855964
5,2022,7,0,72,2178.4,3242.0004506248006
8,2023,7,0,0,2178.4,3213.3296875823726
12,2022,7,0,0,2178.4,3209.8136236013015
3,2022,7,0,109,2178.4,3249.6863413023457
5,2023,7,0,0,2178.4,3229.9608650889786
11,2022,7,0,0,2178.4,3215.3573494368393
3,2023,7,0,0,2178.4,3241.048316760054
5,2022,7,0,0,2180.99,3248.6197044500586
10,2023,7,0,0,2180.99,3202.242235911297
5,2023,7,0,134,2180.99,3217.6416982475275
6,2022,7,0,0,2180.99,3243.075978614528
11,2023,7,0,185,2180.99,3179.6907051080852
2,2022,7,0,0,2180.99,3265.250881956672
6,2023,7,0,17,2180.99,3222.8542598780405
5,2023,7,0,19,2180.99,3228.214117551761
12,2022,7,0,0,2180.99,3209.8136236013015
9,2023,7,0,73,2180.99,3201.0747738406717
3,2022,7,0,0,2180.99,3259.707156121134
9,2023,7,0,0,2180.99,3207.785961746835
8,2022,7,0,78,2180.99,3224.817668632757
10,2022,7,0,0,2180.99,3220.901075272377
5,2023,7,0,0,2180.99,3229.9608650889786
11,2023,5,0,0,2188.15,2248.0368260918767
6,2022,5,0,0,2188.15,2294.4142946306456
1,2023,5,0,183,2188.15,2286.6501476413905
4,2023,5,0,154,2188.15,2272.6850584810672
3,2023,5,0,156,2188.15,2278.0449161547804
9,2022,5,0,122,2188.15,2266.5671592534563
4,2022,5,0,57,2188.15,2300.2615036900606
4,2022,5,0,0,2188.15,2305.501746301721
1,2022,5,0,80,2188.15,2314.7781973358215
12,2022,5,0,0,2188.15,2261.1519396174263
5,2023,5,0,171,2188.15,2265.578453270122
12,2022,5,0,0,2188.15,2261.1519396174263
11,2023,5,0,133,2188.15,2235.8095933313307
10,2023,5,0,0,2188.15,2253.5805519274145
8,2023,5,0,0,2188.15,2264.66800359849
9,2022,5,5,140,2192.17,2126.751513173447
6,2022,4,20,166,2199.65,1252.1790647134694
12,2023,4,20,149,2199.65,1201.8207497145777
6,2022,4,10,113,2201.29,1533.3732362488954
10,2023,10,0,112,2202.2,4614.93814482561
7,2023,10,0,197,2202.2,4623.754925455178
5,2023,10,0,0,2202.2,4652.953391064802
8,2022,10,0,0,2202.2,4654.981052919269
9,2022,10,0,0,2202.2,4649.437327083731
2,2022,3,0,0,2204.01,1367.9275139889141
1,2022,3,0,0,2204.01,1373.471239824452
4,2023,3,0,16,2204.01,1336.710277662256
5,2022,3,0,0,2204.01,1351.2963364823008
5,2023,3,0,57,2204.01,1327.3972545095603
2,2022,3,0,117,2204.01,1357.1712265228707
4,2022,3,0,0,2204.01,1356.8400623178386
10,2022,5,15,152,2206.13,1843.7829131196413
9,2022,5,15,12,2206.13,1862.1974102820677
7,2022,5,15,0,2206.13,1874.3880709240184
4,2022,3,15,4,2212.15,941.9898281231217
4,2022,4,10,35,2216.63,1551.6315462306666
5,2023,5,0,146,2228.75,2267.876805292777
4,2022,5,0,0,2228.75,2305.501746301721
10,2023,5,0,41,2228.75,2249.8112546102566
12,2022,5,0,0,2228.75,2261.1519396174263
12,2023,5,0,0,2228.75,2242.493100256346
5,2022,5,0,137,2228.75,2287.363051382017
4,2022,5,0,90,2228.75,2297.2276790201504
6,2022,5,0,194,2228.75,2276.579082934819
5,2022,5,0,145,2228.75,2286.627578734762
3,2022,5,0,23,2228.75,2308.9309882764137
6,2023,5,0,0,2228.75,2275.7554552695656
4,2023,6,15,0,2231.91,2346.6912510614857
2,2023,6,15,4,2231.91,2357.4109664089337
9,2023,6,15,112,2231.91,2308.676004822293
7,2023,6,15,81,2231.91,2322.613413001469
4,2023,6,0,0,2236.2,2761.173748932575
8,2023,6,0,0,2236.2,2738.9988455904313
1,2023,6,0,150,2236.2,2764.0148143032347
9,2022,6,0,60,2236.2,2746.5979142615906
1,2023,6,0,0,2236.2,2777.8049264391884
3,2023,6,0,1,2236.2,2766.625540687208
8,2023,6,0,0,2236.2,2738.9988455904313
7,2023,12,15,173,2246.24,5160.140529509725
2,2022,5,15,0,2250.42,1902.1067001017
1,2023,7,15,0,2265.7,2837.6532705600403
11,2023,8,5,93,2267.23,3524.318649919711
7,2022,3,20,170,2278.56,771.9367605623629
7,2023,3,20,0,2278.56,768.9067149553593
12,2022,12,0,16,2280.12,5579.996888266502
12,2022,12,0,160,2280.12,5566.758380615989
5,2022,3,20,134,2282.9,786.3338391460638
2,2023,11,0,154,2284.48,5129.757562103776
3,2022,11,0,0,2284.48,5157.030524088896
12,2022,11,0,55,2284.48,5102.080617119213
12,2022,11,0,0,2284.48,5107.136991569063
8,2022,6,0,153,2284.74,2743.5917705728425
1,2022,6,0,0,2284.74,2796.4637658002684
3,2023,6,0,162,2284.74,2751.824153661284
10,2022,6,0,0,2284.74,2746.570233280436
10,2022,6,0,0,2284.74,2746.570233280436
6,2023,6,0,18,2284.74,2748.431483805194
1,2022,6,0,0,2284.74,2796.4637658002684
7,2023,6,0,96,2284.74,2735.7168996589608
11,2022,6,0,15,2284.74,2739.6474962313005
10,2023,6,0,179,2284.74,2711.4551934371193
6,2022,6,0,68,2284.74,2762.4936191209563
8,2023,6,0,0,2284.74,2738.9988455904313
4,2023,4,5,75,2290.15,1667.4561762570302
12,2023,4,5,37,2290.15,1626.5998646471708
1,2022,4,5,35,2290.15,1706.423556360969
7,2023,4,5,111,2299.38,1647.5153718377842
11,2023,4,5,156,2299.38,1621.203434854855
2,2023,4,5,0,2299.38,1685.438683996079
11,2023,14,0,133,2302.44,6504.7871712587985
8,2022,14,0,165,2302.44,6537.135297537483
8,2023,5,0,16,2307.55,2263.1970583039874
10,2023,5,0,0,2307.55,2253.5805519274145
6,2023,5,0,0,2307.55,2275.7554552695656
12,2022,5,0,0,2307.55,2261.1519396174263
1,2022,5,0,198,2307.55,2303.929975788873
4,2022,5,0,0,2307.55,2305.501746301721
3,2022,5,0,77,2307.55,2303.9665479074683
2,2022,5,0,49,2307.55,2312.0844280083766
5,2022,5,0,0,2307.55,2299.9580204661834
1,2023,5,0,50,2307.55,2298.8773804019293
3,2023,5,0,193,2307.55,2274.64335516125
10,2022,5,0,91,2307.55,2263.8733899260187
9,2022,5,0,70,2307.55,2271.3477314605916
9,2022,5,0,0,2307.55,2277.7831171240323
7,2022,3,5,143,2309.38,1188.901478617925
2,2022,3,5,0,2309.38,1229.7666813652177
5,2022,4,5,0,2339.77,1687.4663458505456
9,2023,3,10,0,2342.28,1034.140928531684
6,2022,7,10,0,2348.01,2966.754313367135
4,2022,6,15,0,2353.7,2365.3500904225657
9,2023,3,0,0,2361.96,1310.462593779077
4,2023,3,0,194,2361.96,1320.3460112609318
1,2022,3,0,0,2361.96,1373.471239824452
2,2023,3,0,120,2361.96,1338.2365849190755
9,2023,3,0,0,2361.96,1310.462593779077
2,2022,3,0,29,2361.96,1365.2614256426314
9,2023,3,0,0,2361.96,1310.462593779077
11,2022,3,0,0,2361.96,1318.0339814690815
8,2023,3,0,0,2361.96,1316.0063196146075
10,2022,3,0,195,2361.96,1305.6505615278802
9,2022,3,0,123,2361.96,1317.813541188676
1,2022,3,0,12,2361.96,1372.3680308535768
10,2023,8,5,0,2365.12,3538.412245279542
5,2022,3,5,0,2377.24,1213.1355038586044
5,2022,9,15,0,2380.68,3782.7988905628517
9,2022,9,15,94,2380.68,3751.9821836155024
11,2023,5,10,0,2382.8,1971.7151608444838
6,2022,4,0,70,2385.96,1813.6480669752636
5,2022,4,0,88,2385.96,1817.5369793544814
9,2022,4,0,171,2385.96,1787.7315472971095
8,2023,4,0,0,2385.96,1790.3371616065488
1,2023,4,0,172,2385.96,1813.330580539412
7,2023,4,0,99,2385.96,1786.7794134323558
9,2023,4,0,97,2385.96,1775.8758299230976
11,2022,4,0,0,2385.96,1792.3648234610228
6,2022,4,0,0,2385.96,1820.0834526387043
3,2023,4,0,0,2385.96,1818.0557907842376
8,2022,4,0,145,2385.96,1795.6655592362076
7,2023,4,0,187,2385.96,1778.6892143126024
1,2023,4,0,0,2385.96,1829.1432424553059
10,2022,4,0,128,2385.96,1786.140986940547
5,2022,4,0,15,2385.96,1824.2481672606445
4,2022,4,0,0,2385.96,1831.1709043097799
9,2022,10,20,100,2386.56,4087.6005884983097
3,2022,8,0,186,2393.76,3716.9382590644964
1,2022,8,0,160,2393.76,3730.4159968391396
2,2023,8,0,0,2393.76,3720.922884587533
12,2023,8,0,0,2393.76,3665.4856262321628
10,2023,8,0,0,2393.76,3676.5730779032383
4,2022,8,0,199,2393.76,3710.1993901771784
4,2023,7,10,0,2398.98,2959.1829256771234
7,2022,6,10,36,2407.05,2483.5701186270308
5,2023,4,0,146,2410.68,1793.5459633008359
10,2023,4,0,104,2410.68,1769.6885655212172
6,2023,4,0,196,2410.68,1783.4055334199802
9,2022,4,0,193,2410.68,1785.7089975171693
5,2022,4,0,1,2410.68,1825.535244393337
1,2023,4,0,0,2410.68,1829.1432424553059
7,2022,4,0,0,2410.68,1814.5397268031666
1,2023,4,0,0,2410.68,1829.1432424553059
3,2023,4,0,0,2410.68,1818.0557907842376
2,2022,4,0,0,2410.68,1842.2583559808554
1,2023,4,0,88,2410.68,1821.0530433355452
6,2022,4,0,0,2410.68,1820.0834526387043
7,2023,4,0,0,2410.68,1795.8808874420865
3,2022,4,0,0,2410.68,1836.7146301453176
2,2022,4,0,84,2410.68,1834.5358931847222
3,2022,4,0,161,2410.68,1821.9132431193939
12,2022,4,0,0,2410.68,1786.821097625485
5,2023,4,0,143,2410.68,1793.8217655435583
1,2022,4,0,0,2410.68,1847.802081816386
11,2022,4,0,0,2410.68,1792.3648234610228
8,2023,9,10,44,2416.39,3881.6246067589746
9,2023,4,0,102,2420.4,1775.416159518565
3,2023,4,0,72,2420.4,1811.4365369589796
6,2022,4,0,0,2420.4,1820.0834526387043
8,2023,4,0,0,2420.4,1790.3371616065488
9,2023,4,0,0,2420.4,1784.793435771011
12,2023,4,0,0,2420.4,1768.162258264405
4,2023,5,20,140,2420.4,1721.3288051189666
5,2022,4,0,166,2420.4,1810.366121043793
1,2023,4,0,158,2420.4,1814.6176576721045
3,2022,4,0,63,2420.4,1830.9227830482196
9,2023,4,0,0,2420.4,1784.793435771011
8,2023,4,0,6,2420.4,1789.7855571211112
2,2023,4,0,31,2420.4,1820.7495601116752
12,2023,4,0,166,2420.4,1752.901200833956
6,2023,11,0,141,2422.42,5108.777801813412
9,2022,11,0,4,2422.42,5123.400432752049
3,2022,11,0,181,2422.42,5140.390455444849
12,2022,9,10,0,2423.68,3882.153642337791
1,2022,3,15,107,2425.59,949.1517952963841
10,2023,3,15,0,2425.59,890.4363700724498
1,2023,3,15,0,2425.59,940.3299025922825
4,2022,3,0,194,2430.93,1339.0048506220119
10,2023,3,0,140,2430.93,1292.0480966166506
11,2023,3,0,84,2430.93,1291.6526793118683
11,2022,3,0,0,2430.93,1318.0339814690815
11,2023,3,0,36,2430.93,1296.065515195376
5,2023,3,0,0,2430.93,1332.6374971212208
2,2022,3,0,0,2430.93,1367.9275139889141
3,2023,3,0,0,2430.93,1343.7249487922963
11,2022,3,0,0,2430.93,1318.0339814690815
1,2022,3,0,85,2430.93,1365.6568429474137
11,2023,3,0,111,2430.93,1289.1704591273956
10,2022,3,0,61,2430.93,1317.9697283693313
12,2022,4,0,0,2445.88,1786.821097625485
12,2023,4,0,0,2445.88,1768.162258264405
2,2023,4,0,0,2445.88,1823.5995166197754
4,2022,4,0,0,2445.88,1831.1709043097799
1,2023,4,0,138,2445.88,1816.4563392902346
10,2023,5,20,47,2445.88,1696.616319630033
8,2023,4,0,0,2445.88,1790.3371616065488
1,2022,4,0,82,2445.88,1840.2634871820628
10,2023,4,0,0,2445.88,1779.2497099354732
2,2022,4,0,10,2445.88,1841.3390151717904
11,2022,4,0,29,2445.88,1789.69873511474
11,2023,4,0,165,2445.88,1758.5368607503988
1,2023,4,0,16,2445.88,1827.6722971608033
3,2023,4,0,156,2445.88,1803.7140741628464
2,2023,4,0,0,2445.88,1823.5995166197754
3,2023,4,0,0,2445.88,1818.0557907842376
11,2022,4,0,39,2445.88,1788.779394305675
11,2022,7,20,1,2450.73,2662.6220848611483
11,2023,4,0,0,2462.92,1773.7059840999427
8,2023,5,20,0,2462.92,1712.0246731037041
12,2022,4,0,0,2462.92,1786.821097625485
2,2023,4,0,0,2462.92,1823.5995166197754
11,2023,4,0,0,2462.92,1773.7059840999427
10,2022,4,0,0,2462.92,1797.9085492965605
12,2022,4,0,0,2462.92,1786.821097625485
3,2022,4,0,186,2462.92,1819.6148910967386
7,2023,5,20,0,2462.92,1717.568398939242
11,2022,4,0,15,2462.92,1790.9858122474252
12,2023,4,0,0,2462.92,1768.162258264405
3,2023,4,0,24,2462.92,1815.8493728424874
12,2023,4,0,139,2462.92,1755.3834210184214
5,2023,4,0,0,2462.92,1806.968339113162
7,2022,4,0,120,2462.92,1803.507637094408
12,2023,4,0,97,2462.92,1759.2446524164916
2,2022,4,0,0,2462.92,1842.2583559808554
1,2023,5,5,18,2465.68,2163.658438367238
8,2023,5,5,83,2465.68,2118.8766422595654
9,2022,5,5,0,2465.68,2139.622284500336
10,2022,5,5,0,2465.68,2134.078558664798
10,2022,15,0,0,2466.45,7015.547811207896
11,2022,15,0,101,2466.45,7000.718743200821
7,2023,15,0,0,2466.45,7013.520149353426
12,2022,13,0,0,2470.13,6055.798675552942
9,2023,13,0,180,2470.13,6037.222879135334
3,2022,3,15,193,2474.04,930.1580126673653
4,2023,7,5,22,2478.46,3095.3212085208797
1,2022,8,0,0,2489.6,3745.125449784151
6,2023,8,0,0,2489.6,3698.747981245382
10,2022,8,0,0,2489.6,3695.2319172643183
4,2023,8,0,5,2489.6,3709.375762511925
4,2022,8,0,161,2489.6,3713.692885251614
12,2023,8,0,155,2489.6,3651.2358436916766
12,2023,8,0,42,2489.6,3661.6243948341
10,2023,8,0,100,2489.6,3667.3796698126025
5,2022,8,0,193,2489.6,3705.207268827078
12,2023,8,0,193,2489.6,3647.742348617241
3,2023,8,0,134,2489.6,3703.0599919105443
9,2022,6,20,0,2491.63,2199.4706286211876
7,2022,6,20,0,2491.63,2210.558080292263
6,2023,12,0,185,2492.16,5579.063544245473
11,2022,12,0,0,2492.16,5587.011559396538
7,2023,12,0,0,2492.16,5590.527623377609
11,2022,12,0,0,2492.16,5587.011559396538
12,2023,8,0,0,2492.56,3665.4856262321628
7,2023,8,0,53,2492.56,3688.3317491218186
6,2022,8,0,0,2492.56,3717.406820606462
11,2023,8,0,0,2492.56,3671.0293520677005
3,2022,8,0,185,2492.56,3717.0301931454014
6,2023,8,0,170,2492.56,3683.1191874913056
7,2023,6,5,0,2494.49,2606.3817388022726
4,2023,6,5,0,2494.49,2623.0129163088786
12,2022,6,5,0,2494.49,2597.3219489856638
7,2022,7,20,0,2496.2,2684.8889222842045
12,2023,7,20,0,2496.2,2638.5114537454356
10,2023,7,20,63,2496.2,2643.807058319413
1,2022,5,0,100,2501.15,2312.9395157176914
2,2022,3,0,131,2502.36,1355.8841493901855
9,2022,3,0,17,2502.36,1327.5585537647494
1,2023,3,0,38,2502.36,1351.3189053889291
6,2022,3,0,0,2502.36,1345.752610646763
9,2023,3,0,0,2502.36,1310.462593779077
11,2023,3,0,0,2502.36,1299.3751421080015
1,2024,3,0,116,2502.36,1325.4892077171535
9,2022,3,0,76,2502.36,1322.1344429912788
7,2023,3,0,175,2502.36,1305.4615812915363
6,2022,3,0,173,2502.36,1329.8480146499642
4,2022,3,0,176,2502.36,1340.6596640783246
6,2022,3,0,159,2502.36,1331.1350917826567
11,2023,14,0,12,2503.48,6515.911195048466
10,2022,12,5,0,2510.51,5454.39445260838
11,2023,9,10,123,2520.72,3857.730636860768
10,2023,8,15,0,2534.36,3262.090580032149
5,2022,6,5,100,2540.77,2626.9346217437924
9,2022,6,20,0,2541.65,2199.4706286211876
10,2023,10,15,0,2543.37,4210.752264016024
3,2023,4,10,70,2559.56,1535.298739873404
10,2023,3,10,0,2563.38,1028.5972026961463
5,2022,3,10,133,2568.27,1062.7474384743618
12,2022,5,15,28,2571.68,1844.095287480959
6,2022,5,15,0,2571.68,1879.9317967595562
9,2022,17,20,0,2584.14,7417.109890532527
6,2023,7,20,15,2584.46,2670.3947975450646
2,2023,8,15,74,2589.37,3299.6372647293756
3,2022,5,0,0,2595.45,2311.045472137259
7,2023,5,0,29,2595.45,2267.545641087745
8,2023,5,0,174,2595.45,2248.671473520786
1,2022,5,0,30,2595.45,2319.3749013811394
10,2023,5,0,28,2595.45,2251.0063976620368
2,2022,5,0,0,2595.45,2316.5891979727894
3,2022,5,0,0,2595.45,2311.045472137259
9,2022,5,0,0,2595.45,2277.7831171240323
3,2022,5,0,183,2595.45,2294.2215353314023
3,2022,5,0,0,2595.45,2311.045472137259
9,2022,5,0,136,2595.45,2265.280082120771
12,2022,5,0,0,2595.45,2261.1519396174263
1,2022,5,0,0,2595.45,2322.132923808327
6,2023,5,0,88,2595.45,2267.665256149805
3,2023,5,0,87,2595.45,2284.3883677373233
12,2022,5,0,0,2595.45,2261.1519396174263
5,2023,5,15,0,2598.75,1866.816683234014
7,2023,5,15,0,2598.75,1855.7292315629384
7,2022,3,0,0,2602.53,1340.2088848112253
3,2023,3,0,0,2602.53,1343.7249487922963
2,2023,3,0,0,2602.53,1349.2686746278341
6,2023,3,0,87,2602.53,1319.0955062468347
9,2022,3,0,0,2602.53,1329.121433140157
7,2023,3,0,0,2602.53,1321.5500454501453
9,2023,3,0,132,2602.53,1298.3272950994433
5,2023,3,0,129,2602.53,1320.7780006843022
12,2022,7,15,174,2603.9,2779.334595652508
1,2022,7,15,63,2603.9,2850.520262824022
1,2022,7,0,0,2608.9,3270.7946077922097
9,2023,7,0,36,2608.9,3204.4763348342094
1,2022,7,0,12,2608.9,3269.6913988213346
6,2023,7,0,0,2608.9,3224.417139253448
2,2023,7,0,91,2608.9,3238.226041233116
1,2022,7,0,153,2608.9,3256.728693413541
11,2023,7,0,19,2608.9,3194.9517625385415
6,2023,7,0,0,2608.9,3224.417139253448
2,2023,7,0,0,2608.9,3246.592042595592
3,2023,5,15,0,2616.85,1877.9041349050894
11,2023,6,0,28,2625.78,2719.7935138184403
8,2023,6,0,0,2625.78,2738.9988455904313
10,2023,6,0,0,2625.78,2727.9113939193558
7,2023,6,0,106,2625.78,2734.7975588498957
7,2022,6,0,0,2625.78,2763.201410787049
1,2023,6,0,0,2625.78,2777.8049264391884
4,2023,6,0,0,2625.78,2761.173748932575
8,2023,6,0,0,2625.78,2738.9988455904313
11,2022,6,0,158,2625.78,2726.5009226616967
8,2022,6,0,0,2625.78,2757.6576849515113
12,2022,6,0,0,2625.78,2735.4827816093602
7,2022,6,0,118,2625.78,2752.3531892401006
7,2022,6,0,86,2625.78,2755.295079829106
4,2023,6,0,113,2625.78,2750.785197790159
7,2022,6,5,149,2630.61,2611.3424001083113
4,2023,12,0,27,2642.64,5604.676580699746
1,2023,12,0,185,2642.64,5606.782173423155
10,2022,15,20,0,2642.64,6462.90448071311
8,2022,10,15,166,2645.2,4225.237497617731
8,2023,6,15,1,2647.36,2324.424413638437
7,2022,6,15,0,2647.36,2348.7189129159597
8,2023,5,0,0,2647.55,2264.66800359849
11,2022,5,0,65,2647.55,2260.7199501940413
7,2023,5,0,56,2647.55,2265.0634209032723
10,2023,5,0,87,2647.55,2245.582286888566
10,2022,5,0,0,2647.55,2272.2393912884945
2,2023,5,0,0,2647.55,2297.9303586117094
11,2022,5,0,0,2647.55,2266.6956654529567
2,2022,5,0,26,2647.55,2314.198911869222
6,2022,5,0,23,2647.55,2292.2998107698004
1,2023,5,0,0,2647.55,2303.474084447247
8,2022,5,0,0,2647.55,2283.32684295957
9,2022,5,0,199,2647.55,2259.488235023673
12,2022,5,0,85,2647.55,2253.337542740388
1,2023,5,0,0,2647.55,2303.474084447247
2,2023,5,0,140,2647.55,2285.0595872848207
4,2022,5,0,0,2647.55,2305.501746301721
2,2023,5,0,5,2647.55,2297.470688207177
12,2022,5,0,0,2647.55,2261.1519396174263
2,2023,5,0,102,2647.55,2288.5530823592635
6,2023,10,15,0,2648.34,4232.927167358175
5,2022,10,15,182,2648.34,4240.397729829841
12,2023,14,0,0,2660.14,6511.470678183803
12,2023,14,0,118,2660.14,6500.622456636855
2,2022,7,0,0,2665.53,3265.250881956672
7,2022,7,0,0,2665.53,3237.5322527789904
9,2023,7,0,0,2665.53,3207.785961746835
9,2023,7,0,147,2665.53,3194.2716518536035
4,2023,7,0,4,2665.53,3235.136854600889
9,2022,7,0,155,2665.53,3212.1950185674286
7,2022,7,0,195,2665.53,3219.6051070022513
12,2022,7,0,195,2665.53,3191.8864778245625
7,2022,7,0,0,2665.53,3237.5322527789904
12,2022,7,0,193,2665.53,3192.07034598638
3,2022,7,0,0,2665.53,3259.707156121134
6,2023,7,0,0,2665.53,3224.417139253448
4,2022,7,0,153,2665.53,3240.0975159069276
9,2022,6,0,124,2674.5,2740.7141330835875
4,2023,6,0,81,2674.5,2753.7270883791643
5,2022,6,0,0,2674.5,2774.2888624581246
12,2023,6,0,0,2674.5,2716.82394224828
6,2023,6,0,194,2674.5,2732.25108556568
5,2023,6,0,0,2674.5,2755.6300230970446
12,2023,6,0,88,2674.5,2708.7337431285196
4,2022,6,0,80,2674.5,2772.4778618211494
4,2023,6,0,0,2674.5,2761.173748932575
2,2023,6,0,0,2674.5,2772.2612006036507
8,2023,6,0,0,2674.5,2738.9988455904313
6,2023,6,0,148,2674.5,2736.4800532873705
10,2022,6,0,0,2674.5,2746.570233280436
4,2022,6,0,0,2674.5,2779.832588293655
11,2023,15,0,0,2682.3,6991.345246011282
1,2022,8,10,77,2683.44,3461.7248603069675
8,2023,9,20,0,2683.44,3609.348041071462
4,2022,8,10,78,2683.44,3445.001748719449
6,2022,9,0,151,2684.88,4177.855616381545
6,2023,9,0,0,2684.88,4173.078823237323
8,2023,9,0,0,2684.88,4161.991371566248
10,2022,9,0,0,2684.88,4169.56275925626
9,2023,9,0,54,2684.88,4151.483205361765
4,2023,9,0,3,2684.88,4183.8904726656765
2,2023,9,0,0,2684.88,4195.2537265794745
6,2022,9,0,0,2684.88,4191.737662598403
3,2023,9,0,0,2684.88,4189.710000743937
2,2023,9,0,34,2692.98,4192.127967828659
10,2023,9,0,0,2692.98,4150.90391989518
2,2022,9,0,102,2692.98,4204.535289688109
10,2022,9,0,0,2692.98,4169.56275925626
8,2023,9,0,0,2692.98,4161.991371566248
1,2022,9,0,18,2692.98,4217.80147831978
9,2022,9,0,61,2692.98,4169.498506156509
8,2023,9,0,95,2692.98,4153.257633880145
7,2022,9,0,0,2692.98,4186.193936762866
9,2023,9,0,100,2692.98,4147.254237640074
7,2022,9,0,0,2692.98,4186.193936762866
10,2022,9,0,119,2692.98,4158.622603628406
9,2022,9,0,0,2692.98,4175.106485091797
12,2022,9,0,0,2692.98,4158.475307585184
12,2023,9,0,130,2692.98,4127.86503770628
10,2022,13,0,0,2699.84,6066.886127224017
6,2023,13,0,0,2699.84,6070.402191205085
12,2022,13,0,29,2699.84,6053.132587206659
2,2022,4,5,0,2701.76,1704.097523357159
5,2023,3,5,0,2705.79,1194.4766644975243
1,2022,3,5,0,2705.79,1235.3104072007554
6,2022,3,5,77,2705.79,1200.512853793276
2,2022,3,5,0,2705.79,1229.7666813652177
12,2023,15,5,0,2707.64,6847.640687552048
6,2023,3,5,0,2710.95,1188.9329386619866
5,2022,8,10,0,2741.69,3446.628881194607
5,2022,4,0,0,2749.56,1825.627178474242
2,2022,5,20,0,2749.56,1763.9458674780035
2,2022,5,20,83,2749.56,1756.3153387627754
1,2022,4,0,182,2749.56,1831.0700790914343
1,2022,4,0,0,2749.56,1847.802081816386
2,2022,4,0,0,2749.56,1842.2583559808554
10,2023,4,0,0,2749.56,1779.2497099354732
5,2023,5,20,0,2749.56,1728.6558506103174
3,2023,4,0,133,2749.56,1805.8285580236916
12,2022,5,20,0,2749.56,1708.5086091226403
7,2022,4,0,0,2749.56,1814.5397268031666
10,2023,4,0,161,2749.56,1764.4483229095495
6,2022,4,0,26,2749.56,1817.6931665351367
2,2023,3,5,0,2765.1,1211.1078420041376
6,2022,6,0,0,2769.06,2768.745136622587
1,2023,6,0,0,2769.06,2777.8049264391884
10,2022,6,0,72,2769.06,2739.9509794551777
5,2022,6,0,0,2769.06,2774.2888624581246
4,2023,6,0,0,2769.06,2761.173748932575
12,2022,6,0,0,2769.06,2735.4827816093602
1,2023,6,0,71,2769.06,2771.2776066948354
7,2023,6,0,7,2769.06,2743.8990328596265
2,2022,6,0,120,2769.06,2779.887950255972
6,2023,6,0,50,2769.06,2745.489593216189
12,2022,6,0,56,2769.06,2730.334473078605
10,2023,6,0,94,2769.06,2719.2695903141575
9,2023,6,0,0,2769.06,2733.4551197548935
4,2022,6,0,140,2769.06,2766.9618169667665
2,2022,6,0,0,2769.06,2790.9200399647307
3,2022,6,0,91,2769.06,2777.010312766717
9,2022,6,0,130,2769.06,2740.16252859815
8,2023,6,0,0,2769.06,2738.9988455904313
1,2022,6,0,0,2769.06,2796.4637658002684
8,2022,6,0,0,2769.06,2757.6576849515113
5,2022,6,0,103,2769.06,2764.8196521247737
6,2023,6,0,5,2769.06,2749.6266268569743
7,2022,4,5,170,2791.75,1660.7501004253936
12,2022,9,0,157,2800.8,4144.041656882888
12,2023,9,0,163,2800.8,4124.83121303637
10,2023,10,10,14,2800.8,4347.626019507043
9,2023,9,0,0,2800.8,4156.44764573071
8,2022,9,0,104,2800.8,4171.089066513072
5,2022,9,0,0,2800.8,4197.281388433941
12,2023,9,0,4,2800.8,4139.448731900477
9,2022,9,0,0,2800.8,4175.106485091797
7,2023,6,10,0,2803.09,2468.220906178576
2,2022,6,10,0,2803.09,2514.5983747173377
6,2023,6,10,0,2803.09,2473.764632014114
6,2022,9,0,0,2804.13,4191.737662598403
8,2022,9,0,0,2804.13,4180.650210927328
10,2023,10,10,148,2804.13,4335.306852665592
8,2023,9,0,0,2804.13,4161.991371566248
9,2022,7,10,145,2808.22,2936.7926941291007
1,2022,5,5,0,2833.33,2183.9720911846307
7,2022,5,5,0,2833.33,2150.7097361714114
3,2022,4,10,0,2834.35,1560.3929648979247
9,2023,4,15,0,2836.01,1370.3109378999216
7,2023,4,0,0,2843.96,1795.8808874420865
5,2022,4,0,0,2843.96,1825.627178474242
3,2023,4,0,5,2843.96,1817.596120379705
9,2023,4,0,28,2843.96,1782.2192815056333
1,2022,4,0,0,2843.96,1847.802081816386
1,2022,4,0,0,2843.96,1847.802081816386
11,2022,4,0,0,2843.96,1792.3648234610228
12,2022,3,0,0,2848.2,1312.4902556335437
5,2022,3,0,0,2848.2,1351.2963364823008
5,2023,3,0,0,2848.2,1332.6374971212208
12,2022,3,0,0,2848.2,1312.4902556335437
10,2023,3,0,32,2848.2,1301.976977354534
12,2022,3,0,0,2848.2,1312.4902556335437
1,2023,3,0,167,2848.2,1339.4594089520106
3,2022,3,0,0,2848.2,1362.3837881533764
12,2023,3,0,172,2848.2,1278.0187543565698
7,2023,3,0,29,2848.2,1318.8839571038625
8,2023,3,0,4,2848.2,1315.63858329098
9,2023,3,0,166,2848.2,1295.201536348628
9,2022,3,0,106,2848.2,1319.3764205640837
1,2022,3,0,0,2848.2,1373.471239824452
9,2023,3,0,0,2848.2,1310.462593779077
6,2022,15,0,126,2850.15,7026.139020355844
8,2023,9,15,0,2851.16,3747.5088736951584
3,2023,8,20,119,2852.8,3151.795672629356
8,2022,3,0,6,2853.63,1334.11355449025
8,2023,3,0,111,2853.63,1305.8016366340016
1,2023,3,0,110,2853.63,1344.699651563671
1,2022,3,0,11,2853.63,1372.4599649344818
5,2022,3,0,0,2853.63,1351.2963364823008
3,2022,3,0,27,2853.63,1359.9015679689037
4,2022,3,0,7,2853.63,1356.196523751496
12,2023,6,10,45,2859.35,2436.365243360102
6,2022,6,10,150,2859.35,2478.6333592392402
12,2022,16,0,0,2861.12,7478.791201528766
11,2023,5,5,0,2862.68,2109.8759934681802
12,2023,5,5,8,2862.68,2103.596794985402
11,2022,13,0,0,2862.86,6061.34240138848
12,2022,12,20,24,2872.51,5026.618085124464
12,2022,22,0,0,2878.04,10324.776253480406
12,2022,6,20,14,2892.82,2181.552373981889
4,2023,8,5,40,2894.0,3567.9972370565083
10,2022,3,0,87,2897.94,1315.579442265771
6,2022,3,0,165,2897.94,1330.583487297219
1,2023,3,0,0,2897.94,1354.812400463372
2,2023,3,0,12,2897.94,1348.165465656959
10,2023,3,0,94,2897.94,1296.277064338341
3,2023,7,20,15,2906.9,2687.0259750516707
3,2023,7,20,0,2906.9,2688.4049862652682
8,2023,14,0,0,2907.52,6533.645581525951
11,2023,14,0,172,2907.52,6501.201742103451
5,2022,14,0,16,2907.52,6567.464653099141
11,2023,7,5,0,2910.24,3058.537677452063
11,2022,7,5,17,2910.24,3075.633637437735
6,2023,7,5,0,2910.24,3086.2563066297516
6,2023,3,0,8,2910.63,1326.3582986384354
5,2023,3,0,111,2910.63,1322.432814140615
11,2022,3,0,129,2910.63,1306.174485032163
1,2023,3,0,0,2910.63,1354.812400463372
10,2023,3,0,52,2910.63,1300.1382957364112
3,2023,3,0,61,2910.63,1338.1169698570084
4,2022,3,0,161,2910.63,1342.0386752919148
7,2022,3,0,0,2910.63,1340.2088848112253
9,2023,3,0,0,2910.63,1310.462593779077
8,2023,3,0,48,2910.63,1311.5934837310997
10,2022,5,15,41,2921.41,1853.9875961002472
11,2022,6,20,161,2935.06,2173.5817899241883
9,2023,6,20,169,2935.06,2165.274929586936
8,2022,4,0,152,2938.68,1795.022020669865
11,2023,4,0,141,2938.68,1760.743278692149
7,2023,4,0,144,2938.68,1782.6423797915704
1,2023,4,0,0,2938.68,1829.1432424553059
4,2023,4,0,188,2938.68,1795.2284577383107
7,2023,5,20,0,2938.68,1717.568398939242
8,2022,4,0,0,2938.68,1808.9960009676288
1,2022,4,0,179,2938.68,1831.3458813341495
8,2022,4,0,0,2938.68,1808.9960009676288
10,2022,4,15,0,2949.53,1383.4260514254638
1,2022,8,20,0,2953.66,3192.482119289365
1,2023,6,20,0,2955.5,2225.1615959444025
1,2022,7,5,0,2964.24,3132.6337751685132
11,2023,8,0,92,2981.6,3662.5714166243197
11,2023,8,0,0,2981.6,3671.0293520677005
5,2022,8,0,77,2981.6,3715.8716222122093
12,2023,10,20,0,2981.6,4061.5039797212594
6,2023,5,0,33,2982.45,2272.7216305996553
4,2022,5,0,172,2982.45,2289.6890843858273
5,2023,5,0,0,2982.45,2281.2991811051033
1,2022,5,0,35,2982.45,2318.915230976607
5,2022,5,0,1,2982.45,2299.8660863852783
10,2022,5,0,21,2982.45,2270.3087755894594
10,2023,5,0,157,2982.45,2239.146901225118
4,2023,5,0,1,2982.45,2286.750972859736
10,2022,5,0,0,2982.45,2272.2393912884945
5,2022,5,0,22,2982.45,2297.935470686243
7,2022,5,0,0,2982.45,2288.870568795108
11,2022,5,0,120,2982.45,2255.663575744198
12,2022,5,0,114,2982.45,2250.6714543941052
11,2023,5,0,0,2982.45,2248.0368260918767
9,2022,5,0,0,2982.45,2277.7831171240323
12,2022,5,0,0,2982.45,2261.1519396174263
1,2022,5,0,56,2982.45,2316.9846152775717
4,2023,5,0,0,2982.45,2286.842906940641
5,2023,5,0,168,2982.45,2265.854255512837
6,2023,5,0,0,2982.45,2275.7554552695656
6,2022,5,0,52,2982.45,2289.6337224235176
6,2022,10,0,70,2983.2,4659.633118926904
9,2023,10,0,137,2983.2,4618.183518638485
7,2023,10,0,0,2983.2,4641.865939393727
9,2023,10,0,146,2983.2,4617.356111910325
6,2023,10,0,155,2983.2,4633.159882688778
8,2023,4,5,0,2991.82,1652.1763289828523
4,2022,10,0,76,2992.2,4670.168966112542
9,2022,10,0,137,2992.2,4636.842357999565
12,2022,10,0,0,2992.2,4632.806149577125
10,2022,10,0,0,2992.2,4643.893601248194
3,2022,10,0,112,2992.2,4672.403065035447
9,2022,10,0,177,2992.2,4633.164994763312
1,2022,10,0,0,2992.2,4693.7871337680335
9,2023,10,0,0,2992.2,4630.778487722651
7,2023,10,0,0,2992.2,4641.865939393727
8,2022,10,0,52,2992.2,4650.200480712141
7,2022,10,0,152,2992.2,4646.550798457043
12,2022,10,0,98,2992.2,4623.796609648307
12,2023,10,0,86,2992.2,4606.240979258102
11,2023,10,0,0,2992.2,4619.691036051583
2,2023,10,0,84,2992.2,4661.8621057752825
12,2023,16,15,0,2994.99,7045.649864296596
1,2022,6,0,0,3001.38,2796.4637658002684
1,2022,6,0,0,3001.38,2796.4637658002684
10,2023,5,0,0,3013.35,2253.5805519274145
2,2023,5,0,74,3013.35,2291.1272366246412
11,2022,5,0,172,3013.35,2250.883003537063
3,2023,5,0,178,3013.35,2276.02236637484
8,2023,5,0,0,3013.35,2264.66800359849
12,2022,5,0,171,3013.35,2245.4312117824447
10,2023,5,0,0,3013.35,2253.5805519274145
2,2023,5,0,0,3013.35,2297.9303586117094
5,2022,5,0,17,3013.35,2298.3951410907757
5,2022,5,0,165,3013.35,2284.7888971166394
8,2023,5,0,7,3013.35,2264.0244650321474
12,2023,5,0,0,3013.35,2242.493100256346
3,2022,5,0,45,3013.35,2306.9084384964735
11,2023,6,5,0,3018.21,2584.2068354601215
11,2022,5,15,152,3021.71,1838.2391872841035
8,2023,5,0,186,3025.5,2247.568264549911
9,2023,5,0,0,3025.5,2259.1242777629523
1,2022,5,0,149,3025.5,2308.434745753286
2,2022,5,0,0,3025.5,2316.5891979727894
11,2022,5,0,0,3025.5,2266.6956654529567
9,2022,5,0,0,3025.5,2277.7831171240323
9,2023,5,0,0,3025.5,2259.1242777629523
11,2022,5,0,0,3025.5,2266.6956654529567
10,2022,5,0,181,3025.5,2255.599322644448
11,2023,5,0,123,3025.5,2236.7289341403957
1,2023,5,0,0,3025.5,2303.474084447247
10,2022,5,0,0,3025.5,2272.2393912884945
10,2023,5,0,0,3025.5,2253.5805519274145
1,2022,5,0,0,3025.5,2322.132923808327
8,2022,5,0,162,3025.5,2268.4335218527413
2,2023,5,0,2,3025.5,2297.7464904498993
2,2022,4,20,191,3038.08,1272.055616032958
11,2022,17,0,7,3039.94,7958.0222307898985
11,2023,17,0,13,3039.94,7938.811786943377
2,2023,6,15,36,3042.1,2354.469075819936
3,2022,12,15,0,3042.86,5216.878868209747
11,2023,4,20,0,3043.87,1221.0626536051568
5,2022,8,0,0,3046.32,3722.950546442
10,2022,8,0,0,3046.32,3695.2319172643183
11,2022,8,0,168,3046.32,3674.243265836514
4,2023,8,0,78,3046.32,3702.664574605762
7,2022,5,0,0,3057.35,2288.870568795108
1,2022,5,0,0,3057.35,2322.132923808327
3,2022,5,0,0,3057.35,2311.045472137259
10,2023,5,0,70,3057.35,2247.145166263974
8,2023,5,0,0,3057.35,2264.66800359849
11,2022,5,0,29,3057.35,2264.029577106674
12,2022,5,0,104,3057.35,2251.5907952031703
9,2022,5,0,0,3057.35,2277.7831171240323
12,2023,5,0,0,3057.35,2242.493100256346
7,2022,5,0,58,3057.35,2283.5383921025423
12,2022,5,0,147,3057.35,2247.637629724195
10,2023,5,0,135,3057.35,2241.1694510050584
8,2023,5,0,0,3057.35,2264.66800359849
9,2023,5,0,128,3057.35,2247.3567154069387
11,2022,5,0,178,3057.35,2250.3313990516253
8,2022,5,0,0,3057.35,2283.32684295957
8,2022,5,0,125,3057.35,2271.835082846279
5,2022,5,0,159,3057.35,2285.340501602077
4,2022,5,0,187,3057.35,2288.310073172237
1,2023,7,0,0,3063.41,3252.1357684311297
12,2022,7,0,37,3063.41,3206.412062607764
5,2023,7,0,174,3063.41,3213.9643350112747
8,2022,7,0,22,3063.41,3229.9659771635124
10,2023,7,0,0,3063.41,3202.242235911297
1,2022,7,0,2,3063.41,3270.6107396303996
9,2022,7,0,0,3063.41,3226.444801107915
9,2022,7,5,0,3069.04,3088.2839684842183
9,2023,7,5,0,3069.04,3069.6251291231383
10,2023,5,0,0,3078.65,2253.5805519274145
11,2022,5,0,179,3078.65,2250.2394649707203
10,2022,5,0,160,3078.65,2257.529938343483
12,2023,5,0,47,3078.65,2238.1721984537508
3,2022,5,0,0,3078.65,2311.045472137259
2,2022,5,0,0,3078.65,2316.5891979727894
1,2022,5,0,153,3078.65,2308.0670094296584
3,2023,5,0,3,3078.65,2292.110830533449
12,2022,5,0,175,3078.65,2245.0634754588173
3,2023,5,0,0,3078.65,2292.3866327761716
5,2023,4,5,0,3079.18,1668.8075064894656
4,2023,6,15,170,3086.01,2331.062457307409
12,2022,7,15,0,3088.59,2795.331125730212
1,2023,5,10,0,3093.25,2027.1524191998542
9,2023,5,10,0,3093.25,1982.8026125155593
4,2022,10,0,23,3112.0,4675.041472400575
10,2022,10,0,0,3112.0,4643.893601248194
2,2023,10,0,0,3112.0,4669.584568571416
5,2023,10,0,0,3112.0,4652.953391064802
10,2023,10,0,0,3112.0,4625.234761887121
5,2023,10,0,167,3112.0,4637.600399553441
4,2023,10,0,0,3112.0,4658.49711690034
11,2022,10,0,131,3112.0,4626.306510813934
9,2022,10,0,161,3112.0,4634.635940057808
5,2022,6,0,52,3114.54,2769.5082902509967
10,2022,6,0,135,3114.54,2734.1591323580797
7,2023,6,0,72,3114.54,2737.923317600711
12,2023,6,0,0,3114.54,2716.82394224828
8,2022,6,0,181,3114.54,2741.017616307465
5,2022,6,0,0,3114.54,2774.2888624581246
8,2022,6,0,0,3114.54,2757.6576849515113
10,2023,6,0,0,3114.54,2727.9113939193558
8,2023,6,0,155,3114.54,2724.749063049945
9,2023,6,0,0,3114.54,2733.4551197548935
9,2023,6,0,0,3114.54,2733.4551197548935
11,2022,6,0,96,3114.54,2732.2008356778897
5,2022,6,0,0,3114.54,2774.2888624581246
7,2022,6,0,0,3114.54,2763.201410787049
9,2022,6,0,0,3114.54,2752.1139591159736
4,2023,6,0,0,3114.54,2761.173748932575
10,2023,6,0,0,3114.54,2727.9113939193558
7,2022,6,0,0,3114.54,2763.201410787049
8,2022,6,0,0,3114.54,2757.6576849515113
9,2022,6,0,170,3114.54,2736.485165361897
12,2023,15,0,0,3115.2,6985.801520175744
1,2023,10,0,42,3115.7,4671.267063008883
12,2023,10,0,125,3115.7,4602.655550102754
8,2022,10,0,0,3115.7,4654.981052919269
4,2023,10,0,0,3115.7,4658.49711690034
3,2023,10,0,197,3115.7,4645.929828797329
3,2023,6,15,0,3118.5,2352.2349768970234
6,2022,7,0,0,3120.25,3243.075978614528
3,2022,7,0,63,3120.25,3253.915309024036
3,2023,7,0,125,3120.25,3229.556556646763
6,2022,7,0,0,3120.25,3243.075978614528
9,2022,7,0,82,3120.25,3218.9062064735917
1,2022,7,0,151,3120.25,3256.912561575351
7,2022,7,0,0,3120.25,3237.5322527789904
7,2022,7,0,177,3120.25,3221.2599204585713
12,2023,7,0,2,3120.25,3190.9709160784114
7,2023,7,0,0,3120.25,3218.8734134179103
10,2023,7,0,20,3120.25,3200.403554293167
10,2022,7,0,6,3120.25,3220.3494707869395
3,2022,7,0,22,3120.25,3257.684606341194
8,2022,7,0,62,3120.25,3226.2886139272596
4,2022,7,0,0,3120.25,3254.1634302855964
4,2023,7,0,49,3120.25,3230.9998209601035
5,2023,7,0,173,3120.25,3214.0562690921797
3,2023,7,0,0,3120.25,3241.048316760054
8,2022,7,0,167,3120.25,3216.6355354320913
12,2023,7,0,95,3120.25,3182.421046554118
4,2023,4,10,0,3123.04,1536.190399701307
4,2022,4,10,108,3123.04,1544.9203583245035
5,2023,8,15,0,3138.27,3289.8092092098304
4,2022,4,0,0,3149.28,1831.1709043097799
11,2023,4,0,69,3149.28,1767.362532517407
9,2023,4,0,70,3149.28,1778.3580501075703
3,2022,4,0,0,3149.28,1836.7146301453176
10,2022,4,0,65,3149.28,1791.932834037645
2,2023,4,0,132,3149.28,1811.4642179401417
12,2022,4,0,13,3149.28,1785.6259545737048
8,2022,4,0,0,3149.28,1808.9960009676288
4,2023,4,0,47,3149.28,1808.1911631461044
3,2022,4,0,0,3149.28,1836.7146301453176
11,2023,7,15,8,3150.58,2781.480539557422
12,2022,7,15,135,3150.58,2782.920024807856
3,2023,7,15,0,3150.58,2826.5658188889647
12,2023,10,15,164,3167.95,4184.587623076317
1,2023,4,5,0,3169.66,1690.9824098316094
9,2023,4,5,191,3169.66,1629.073193694203
1,2022,6,0,0,3177.06,2796.4637658002684
11,2022,6,0,0,3177.06,2741.026507444898
6,2022,6,0,0,3177.06,2768.745136622587
4,2022,6,0,126,3177.06,2768.248894099459
8,2022,6,0,102,3177.06,2748.2804086990654
1,2022,6,0,0,3177.06,2796.4637658002684
1,2023,6,0,48,3177.06,2773.3920905556806
12,2022,6,0,0,3177.06,2735.4827816093602
9,2023,6,0,0,3177.06,2733.4551197548935
8,2023,6,0,23,3177.06,2736.884361729586
9,2022,6,0,0,3177.06,2752.1139591159736
7,2022,6,0,0,3177.06,2763.201410787049
9,2023,6,0,0,3177.06,2733.4551197548935
9,2023,6,0,38,3177.06,2729.9616246804508
1,2022,6,0,0,3177.06,2796.4637658002684
7,2023,6,0,0,3177.06,2744.542571425969
2,2022,6,0,6,3177.06,2790.368435479293
12,2023,5,10,40,3199.46,1962.4940717727004
3,2022,6,10,0,3221.05,2509.0546488818
10,2022,4,15,0,3227.96,1383.4260514254638
3,2023,4,15,56,3227.96,1398.4249843823927
3,2023,4,15,0,3227.96,1403.5732929131482
9,2023,4,15,0,3227.96,1370.3109378999216
1,2023,7,0,134,3230.57,3239.8166015896786
11,2022,7,0,0,3230.57,3215.3573494368393
5,2022,7,0,0,3230.57,3248.6197044500586
8,2022,7,0,90,3230.57,3223.714459661882
8,2023,7,0,0,3230.57,3213.3296875823726
2,2023,7,0,161,3230.57,3231.790655569668
6,2022,7,0,0,3230.57,3243.075978614528
11,2023,7,0,187,3230.57,3179.506836946275
7,2023,7,0,0,3230.57,3218.8734134179103
12,2022,7,0,79,3230.57,3202.550831209701
2,2023,4,15,2,3234.11,1408.9331505868759
10,2022,4,15,0,3234.11,1383.4260514254638
6,2022,4,0,135,3241.24,1807.6723517163482
1,2023,4,0,135,3241.24,1816.7321415329498
2,2023,4,0,0,3241.24,1823.5995166197754
4,2022,4,0,0,3241.24,1831.1709043097799
12,2023,4,0,0,3241.24,1768.162258264405
11,2022,4,0,105,3241.24,1782.7117449658545
6,2023,4,0,46,3241.24,1797.1956455559339
9,2022,4,0,0,3241.24,1803.452275132091
7,2023,6,10,72,3254.42,2461.601652353318
10,2022,9,5,119,3255.75,4020.4617710047096
8,2022,6,10,0,3267.54,2481.3360197041184
3,2022,6,10,0,3267.54,2509.0546488818
10,2023,7,10,107,3270.27,2916.0836240069257
6,2023,7,10,27,3270.27,2945.6132538215825
3,2023,11,0,0,3281.52,5138.371684727816
2,2023,11,0,43,3281.52,5139.962245084382
4,2023,4,15,0,3284.33,1398.0295670776104
4,2022,11,0,187,3291.42,5134.295125123877
6,2023,11,0,101,3291.42,5112.455165049665
1,2022,4,5,160,3296.54,1694.931796247678
1,2023,4,5,0,3296.54,1690.9824098316094
2,2023,6,10,0,3301.94,2495.9395353562577
7,2023,6,10,15,3301.94,2466.8418949649786
4,2022,5,10,0,3306.02,2029.1800810543282
3,2023,8,10,152,3322.87,3425.0835132068387
4,2023,8,10,0,3322.87,3433.5137676690647
4,2022,8,5,16,3325.99,3588.8624943593386
1,2022,7,10,0,3335.91,2994.4729425448168
4,2023,7,10,155,3335.91,2944.933143136637
10,2023,4,0,57,3336.48,1774.0094673238127
9,2023,4,0,0,3336.48,1784.793435771011
4,2022,4,0,156,3336.48,1816.8291876883886
5,2022,4,0,88,3336.48,1817.5369793544814
2,2023,4,0,0,3336.48,1823.5995166197754
3,2022,4,0,0,3336.48,1836.7146301453176
8,2022,4,0,0,3336.48,1808.9960009676288
6,2023,4,0,0,3336.48,1801.4246132776243
3,2023,4,0,146,3336.48,1804.6334149719114
2,2023,4,0,0,3336.48,1823.5995166197754
2,2023,4,0,167,3336.48,1808.246525108414
1,2022,7,20,170,3340.34,2702.5224835433473
10,2023,9,0,0,3354.3,4150.90391989518
2,2023,9,0,193,3354.3,4177.510448964553
2,2023,9,0,0,3354.3,4195.2537265794745
7,2023,10,10,0,3354.3,4365.544274146334
1,2023,9,0,111,3354.3,4190.592769434406
5,2022,9,0,0,3354.3,4197.281388433941
4,2022,9,0,0,3354.3,4202.825114269479
3,2022,9,0,93,3354.3,4199.8189705807235
10,2023,9,0,0,3354.3,4150.90391989518
8,2022,9,0,0,3354.3,4180.650210927328
9,2022,9,0,110,3354.3,4164.993736192097
6,2022,12,10,65,3360.96,5332.432808067922
11,2022,7,20,75,3374.95,2655.81896287408
4,2023,8,5,0,3387.7,3571.674600292761
8,2023,7,20,0,3388.56,2660.6863570875867
7,2022,7,20,0,3388.56,2684.8889222842045
12,2023,19,0,79,3397.58,8875.862095751905
8,2022,9,15,0,3409.99,3766.1677130562384
7,2022,9,15,0,3409.99,3771.711438891776
3,2023,4,10,0,3417.84,1541.7341255368447
11,2023,4,10,0,3417.84,1497.3843188525498
10,2023,11,0,166,3423.2,5084.304546448606
6,2022,11,0,0,3423.2,5140.399346582286
2,2023,11,0,0,3423.2,5143.915410563353
12,2022,9,0,0,3427.11,4158.475307585184
2,2023,9,0,0,3427.11,4195.2537265794745
1,2022,9,0,83,3427.11,4211.825763060864
10,2023,9,0,0,3427.11,4150.90391989518
4,2023,9,0,0,3427.11,4184.166274908399
5,2023,9,0,11,3427.11,4177.611274182891
11,2022,9,0,11,3427.11,4163.007758530752
7,2023,9,0,135,3427.11,4155.1239964794295
10,2023,9,0,158,3427.11,4136.378335111978
6,2022,9,0,0,3427.11,4191.737662598403
4,2023,6,5,0,3435.22,2623.0129163088786
1,2023,6,5,130,3435.22,2627.6926632976683
8,2022,6,5,18,3435.22,2617.842038871502
9,2023,5,0,182,3436.95,2242.3922750380007
10,2023,5,0,89,3436.95,2245.398418726749
10,2022,5,0,45,3436.95,2268.102357647709
12,2022,5,0,21,3436.95,2259.221323918391
2,2022,5,0,0,3436.95,2316.5891979727894
2,2023,5,0,0,3436.95,2297.9303586117094
11,2022,5,0,179,3436.95,2250.2394649707203
11,2023,5,0,0,3436.95,2248.0368260918767
2,2023,5,0,0,3436.95,2297.9303586117094
5,2022,7,20,0,3448.09,2695.9763739552727
10,2023,6,5,0,3449.07,2589.7505612956593
12,2022,6,5,0,3449.07,2597.3219489856638
9,2022,6,5,91,3449.07,2605.5871251298013
10,2023,7,5,0,3451.95,3064.0814032876006
4,2022,4,0,0,3470.04,1831.1709043097799
4,2022,4,0,0,3470.04,1831.1709043097799
4,2023,4,0,0,3470.04,1812.5120649486998
6,2023,4,0,0,3470.04,1801.4246132776243
6,2023,4,0,23,3470.04,1799.310129416779
4,2022,4,0,60,3470.04,1825.654859455397
4,2022,4,0,0,3470.04,1831.1709043097799
2,2022,4,0,158,3470.04,1827.732771197654
2,2023,4,0,0,3470.04,1823.5995166197754
3,2023,4,0,184,3470.04,1801.1399198974686
12,2022,4,0,0,3470.04,1786.821097625485
11,2022,4,0,0,3470.04,1792.3648234610228
3,2023,4,0,52,3470.04,1813.2752185771096
5,2022,4,0,133,3470.04,1813.399945713696
2,2022,4,0,179,3470.04,1825.802155498619
4,2022,4,0,0,3470.04,1831.1709043097799
5,2022,4,0,0,3470.04,1825.627178474242
4,2022,4,0,90,3470.04,1822.8968370282091
11,2023,4,0,81,3470.04,1766.259323546532
10,2023,6,5,32,3485.38,2586.808670706654
6,2022,5,5,47,3489.68,2151.9325602043536
7,2023,4,10,0,3492.76,1519.5592221946936
3,2023,4,10,0,3492.76,1541.7341255368447
11,2023,8,0,0,3501.04,3671.0293520677005
5,2022,8,0,0,3501.04,3722.950546442
4,2023,8,0,0,3501.04,3709.8354329164576
9,2023,8,0,150,3501.04,3668.3266916028224
7,2023,8,0,0,3501.04,3693.2042554098516
12,2023,8,0,0,3501.04,3665.4856262321628
6,2022,8,0,39,3501.04,3713.8213914511143
8,2022,8,0,0,3501.04,3706.319368935394
12,2023,8,0,145,3501.04,3652.1551845007416
11,2023,8,0,123,3501.04,3659.7214601162195
1,2022,7,0,0,3501.61,3270.7946077922097
5,2023,6,5,0,3509.66,2617.469190473348
5,2023,7,5,142,3521.24,3078.7453929765834
6,2023,7,5,82,3521.24,3078.7177119954285
5,2023,7,5,0,3521.24,3091.800032465282
12,2023,5,10,0,3542.94,1966.1714350089533
6,2022,9,10,0,3544.8,3915.4159973510104
1,2022,5,15,0,3545.01,1907.6504259372377
10,2022,5,15,0,3545.01,1857.756893417405
10,2022,5,0,145,3554.95,2258.9089495570734
5,2022,5,0,31,3554.95,2297.108063958083
6,2023,5,0,0,3554.95,2275.7554552695656
12,2022,5,0,37,3554.95,2257.7503786238885
2,2022,5,0,155,3554.95,2302.339415432303
6,2022,5,0,0,3554.95,2294.4142946306456
12,2022,5,0,32,3554.95,2258.210049028421
5,2022,5,0,0,3554.95,2299.9580204661834
11,2023,5,0,0,3554.95,2248.0368260918767
11,2022,11,15,0,3560.39,4698.198219533508
4,2023,8,0,0,3566.0,3709.8354329164576
11,2022,8,0,34,3566.0,3686.5624326779653
5,2023,8,0,0,3566.0,3704.29170708092
1,2023,6,0,0,3578.94,2777.8049264391884
1,2022,6,0,0,3578.94,2796.4637658002684
7,2022,6,0,0,3578.94,2763.201410787049
2,2023,6,0,0,3578.94,2772.2612006036507
9,2023,6,0,66,3578.94,2727.387470415073
4,2022,6,0,65,3578.94,2773.8568730347397
7,2022,6,0,161,3578.94,2748.4000237611253
11,2023,6,0,0,3578.94,2722.367668083818
4,2023,6,0,0,3578.94,2761.173748932575
7,2023,6,0,0,3578.94,2744.542571425969
5,2023,6,0,0,3578.94,2755.6300230970446
6,2022,6,0,0,3578.94,2768.745136622587
6,2023,6,0,97,3578.94,2741.1686914135935
5,2023,6,0,81,3578.94,2748.183362543634
6,2023,6,0,0,3578.94,2750.086297261507
5,2023,6,0,0,3578.94,2755.6300230970446
4,2023,6,0,162,3578.94,2746.2804278257463
4,2022,12,0,182,3579.84,5609.085637520344
6,2023,12,0,17,3579.84,5594.5084698377395
6,2022,12,0,29,3579.84,5612.064100227944
6,2023,12,0,93,3579.84,5587.521479688858
6,2023,12,0,18,3579.84,5594.4165357568345
11,2022,12,0,0,3590.64,5587.011559396538
12,2022,12,0,0,3590.64,5581.467833561004
12,2023,12,0,0,3590.64,5562.808994199924
10,2022,8,15,0,3600.67,3280.749419393229
4,2023,4,5,0,3607.72,1674.3512323250034
1,2022,4,5,0,3607.72,1709.6412491926894
9,2022,4,5,0,3607.72,1665.2914425083945
10,2022,4,5,0,3614.6,1659.7477166728568
2,2023,6,0,178,3616.02,2755.8969342023192
9,2023,6,0,79,3616.02,2726.192327363293
2,2022,6,0,0,3616.02,2790.9200399647307
11,2023,6,0,90,3616.02,2714.0936008022472
7,2023,6,0,0,3616.02,2744.542571425969
12,2023,6,0,108,3616.02,2706.8950615103968
3,2022,6,0,109,3616.02,2775.3554993104044
8,2022,6,0,0,3616.02,2757.6576849515113
12,2022,6,0,0,3616.02,2735.4827816093602
4,2022,6,0,173,3616.02,2763.9279922968562
5,2023,6,0,0,3616.02,2755.6300230970446
7,2023,6,0,86,3616.02,2736.636240468026
7,2022,6,0,22,3616.02,2761.178861007109
6,2023,6,0,0,3616.02,2750.086297261507
4,2022,6,0,0,3616.02,2779.832588293655
10,2023,6,15,0,3626.05,2313.4288960482663
8,2022,6,0,0,3630.6,2757.6576849515113
4,2023,6,0,44,3630.6,2757.128649372695
5,2022,6,0,0,3630.6,2774.2888624581246
1,2022,6,0,99,3630.6,2787.3622917905377
6,2022,6,0,98,3630.6,2759.7355966937685
3,2022,6,0,0,3630.6,2785.376314129193
12,2023,6,0,191,3630.6,2699.2645327951686
2,2022,6,0,48,3630.6,2786.507204081223
7,2023,6,0,64,3630.6,2738.658790247966
8,2023,6,0,0,3630.6,2738.9988455904313
11,2023,6,0,0,3630.6,2722.367668083818
2,2022,6,0,53,3630.6,2786.0475336766976
1,2022,6,0,162,3630.6,2781.5704446934396
4,2022,6,0,46,3630.6,2775.6036205719647
7,2023,6,0,185,3630.6,2727.534766458295
12,2022,6,0,0,3630.6,2735.4827816093602
5,2023,6,0,138,3630.6,2742.9431199319733
10,2023,6,0,0,3630.6,2727.9113939193558
4,2022,6,0,0,3630.6,2779.832588293655
7,2023,6,0,0,3630.6,2744.542571425969
3,2022,6,0,157,3630.6,2770.9426634268966
4,2022,7,0,142,3633.63,3241.1087907968977
7,2022,7,0,71,3633.63,3231.0049330346374
12,2023,7,0,0,3633.63,3191.1547842402215
2,2022,7,0,0,3633.63,3265.250881956672
3,2022,7,0,9,3633.63,3258.879749392974
8,2023,7,0,0,3633.63,3213.3296875823726
7,2023,7,0,0,3633.63,3218.8734134179103
7,2023,7,0,80,3633.63,3211.5186869454046
9,2023,7,0,41,3633.63,3204.016664429677
5,2022,7,0,0,3633.63,3248.6197044500586
6,2022,7,0,129,3633.63,3231.2164821776096
9,2022,7,0,0,3633.63,3226.444801107915
5,2023,7,0,125,3633.63,3218.4691049756875
8,2022,7,0,66,3633.63,3225.920877603632
1,2022,7,0,0,3633.63,3270.7946077922097
7,2023,7,0,0,3633.63,3218.8734134179103
5,2023,7,0,178,3633.63,3213.596598687647
12,2023,7,0,0,3633.63,3191.1547842402215
1,2022,7,0,85,3633.63,3262.9802109151715
1,2023,7,0,0,3633.63,3252.1357684311297
8,2023,13,10,0,3641.04,5782.99307428662
12,2022,5,10,183,3646.4,1968.0063375641766
10,2023,7,15,33,3663.59,2784.7259133702973
10,2023,6,0,96,3668.82,2719.0857221523474
1,2023,6,0,0,3668.82,2777.8049264391884
11,2023,6,0,125,3668.82,2710.875907970527
10,2023,6,0,54,3668.82,2722.9469535504104
11,2022,6,0,137,3668.82,2728.431538360732
7,2022,6,0,0,3668.82,2763.201410787049
11,2022,6,0,0,3668.82,2741.026507444898
12,2022,6,0,0,3668.82,2735.4827816093602
4,2023,4,5,0,3670.72,1674.3512323250034
6,2023,5,0,0,3673.35,2275.7554552695656
8,2023,5,0,181,3673.35,2248.0279349544435
4,2023,5,0,0,3673.35,2286.842906940641
5,2022,5,0,0,3673.35,2299.9580204661834
3,2023,5,0,129,3673.35,2280.527136339253
11,2023,5,0,0,3673.35,2248.0368260918767
6,2022,5,0,66,3673.35,2288.346645290825
10,2023,5,0,0,3673.35,2253.5805519274145
12,2022,5,0,106,3673.35,2251.406927041353
11,2023,5,0,128,3673.35,2236.269263735863
5,2023,5,0,0,3673.35,2281.2991811051033
8,2022,5,15,0,3686.92,1868.8443450884806
4,2022,5,15,0,3686.92,1891.0192484306317
3,2022,5,15,198,3686.92,1878.360026246708
10,2023,11,10,32,3689.73,4820.302048042657
10,2023,11,10,113,3689.73,4812.855387489246
2,2022,10,20,0,3692.08,4135.60007743771
6,2023,8,0,0,3692.08,3698.747981245382
6,2023,8,0,0,3692.08,3698.747981245382
8,2022,8,0,0,3692.08,3706.319368935394
10,2023,8,0,156,3692.08,3662.231361281847
1,2023,8,0,0,3692.08,3726.466610423071
2,2022,8,0,64,3692.08,3733.69794277061
12,2023,6,0,0,3694.38,2716.82394224828
2,2022,6,0,0,3694.38,2790.9200399647307
5,2023,6,0,0,3694.38,2755.6300230970446
2,2022,6,0,0,3694.38,2790.9200399647307
10,2023,6,0,0,3694.38,2727.9113939193558
3,2022,6,0,98,3694.38,2776.3667742003745
1,2023,6,0,0,3694.38,2777.8049264391884
3,2023,6,0,100,3694.38,2757.524066677477
1,2023,6,0,0,3694.38,2777.8049264391884
5,2022,6,0,0,3694.38,2774.2888624581246
8,2022,6,0,105,3694.38,2748.004606456343
2,2023,6,0,0,3694.38,2772.2612006036507
5,2022,6,0,163,3694.38,2759.303607270391
12,2023,7,0,0,3706.57,3191.1547842402215
9,2023,7,0,0,3706.57,3207.785961746835
9,2023,7,0,115,3706.57,3197.2135424426087
10,2023,7,0,11,3706.57,3201.230961021327
8,2023,7,0,0,3706.57,3213.3296875823726
9,2022,7,0,155,3706.57,3212.1950185674286
9,2022,7,0,0,3706.57,3226.444801107915
2,2022,7,0,159,3706.57,3250.6333630925656
10,2023,7,0,23,3706.57,3200.127752050452
5,2023,7,0,0,3706.57,3229.9608650889786
6,2022,7,0,0,3706.57,3243.075978614528
10,2022,7,0,152,3706.57,3206.9270949746133
11,2023,7,0,41,3706.57,3192.9292127586014
4,2022,7,0,174,3706.57,3238.1669002078925
3,2023,7,0,0,3706.57,3241.048316760054
9,2023,7,0,43,3706.57,3203.8327962678595
12,2023,7,0,99,3706.57,3182.0533102304908
2,2023,6,10,0,3711.91,2495.9395353562577
8,2023,10,0,0,3727.0,4636.322213558189
10,2023,10,0,126,3727.0,4613.651067692925
7,2023,10,0,145,3727.0,4628.535497662306
9,2023,10,0,0,3727.0,4630.778487722651
6,2022,10,0,80,3727.0,4658.713778117839
6,2022,10,0,0,3727.0,4666.068504590345
10,2022,10,0,32,3727.0,4640.951710659188
6,2022,10,0,0,3727.0,4666.068504590345
11,2022,10,0,57,3727.0,4633.109632801003
5,2023,12,0,0,3734.4,5601.615075048681
12,2023,12,0,31,3734.4,5559.959037691828
11,2022,12,0,153,3738.84,5572.9456450178695
2,2023,5,10,123,3753.54,2010.3008014128354
1,2022,7,10,0,3757.89,2994.4729425448168
1,2022,7,10,178,3757.89,2978.1086761434854
6,2023,4,0,143,3797.6,1788.2780397080205
4,2022,4,0,185,3797.6,1814.1630993421059
10,2023,4,0,0,3797.6,1779.2497099354732
6,2023,4,0,105,3797.6,1791.771534782456
11,2023,4,0,0,3797.6,1773.7059840999427
6,2023,4,0,111,3797.6,1791.2199302970184
10,2023,4,0,0,3797.6,1779.2497099354732
11,2023,4,0,5,3797.6,1773.2463136954102
11,2023,4,0,0,3797.6,1773.7059840999427
2,2022,4,0,0,3804.84,1842.2583559808554
1,2023,4,0,125,3804.84,1817.6514823420148
6,2022,4,0,159,3804.84,1805.465933774598
11,2023,4,0,111,3804.84,1763.5013011193369
1,2023,4,0,167,3804.84,1813.7902509439446
3,2022,4,0,0,3804.84,1836.7146301453176
8,2023,5,20,0,3804.84,1712.0246731037041
11,2023,4,0,0,3804.84,1773.7059840999427
7,2022,4,0,0,3804.84,1814.5397268031666
12,2023,4,0,0,3804.84,1768.162258264405
4,2022,10,0,66,3807.9,4671.0883069216
7,2023,9,5,0,3811.16,4029.374264778089
8,2022,7,10,126,3812.13,2944.0831675018635
10,2023,8,10,0,3812.47,3400.2514126558453
9,2023,9,20,0,3812.47,3603.804315235924
1,2023,5,5,0,3848.97,2165.3132518235507
2,2023,5,5,151,3848.97,2145.887479771154
5,2023,7,20,178,3849.38,2660.9532681928613
4,2022,7,20,0,3849.38,2701.5200997908105
9,2022,7,20,128,3849.38,2662.0339082571154
4,2022,7,10,8,3852.26,2977.106292390956
11,2023,8,20,92,3857.09,3109.9280861295338
6,2023,4,0,97,3863.92,1792.507007429711
1,2022,4,0,0,3863.92,1847.802081816386
4,2022,4,0,94,3863.92,1822.5291007045817
4,2022,4,0,0,3863.92,1831.1709043097799
7,2023,4,0,0,3863.92,1795.8808874420865
7,2022,4,0,69,3863.92,1808.196275220631
1,2023,4,0,150,3863.92,1815.3531303193522
12,2023,4,0,186,3863.92,1751.062519215826
6,2023,4,0,157,3863.92,1786.990962575328
12,2023,4,0,178,3863.92,1751.7979918630735
9,2022,4,0,154,3863.92,1789.2944266725171
5,2023,4,0,0,3863.92,1806.968339113162
8,2023,4,0,0,3880.84,1790.3371616065488
5,2022,4,0,94,3880.84,1816.9853748690439
9,2023,4,0,0,3880.84,1784.793435771011
6,2022,4,0,0,3880.84,1820.0834526387043
3,2023,4,0,46,3880.84,1813.8268230625472
11,2023,4,0,125,3880.84,1762.2142239866516
8,2022,4,0,0,3880.84,1808.9960009676288
3,2023,4,0,0,3880.84,1818.0557907842376
9,2023,4,0,85,3880.84,1776.9790388939728
3,2023,4,0,0,3880.84,1818.0557907842376
6,2022,5,20,133,3880.84,1729.5437313753137
10,2022,6,20,0,3889.49,2193.92690278565
9,2023,13,0,0,3889.86,6053.771013698475
3,2022,11,5,175,3894.72,5002.78122730659
7,2022,11,5,0,3894.72,4996.694788123052
8,2022,6,5,18,3918.12,2617.842038871502
5,2023,5,0,0,3936.6,2281.2991811051033
1,2022,5,0,0,3936.6,2322.132923808327
10,2023,5,0,0,3936.6,2253.5805519274145
10,2022,5,0,54,3936.6,2267.274950919549
3,2023,5,0,26,3936.6,2289.996346672604
3,2022,5,0,0,3936.6,2311.045472137259
5,2022,5,0,0,3936.6,2299.9580204661834
2,2023,5,0,127,3936.6,2286.254730336601
3,2023,5,0,0,3936.6,2292.3866327761716
8,2022,5,0,22,3936.6,2281.30429317963
2,2023,5,0,39,3936.6,2294.3449294563616
1,2023,5,0,0,3936.6,2303.474084447247
7,2023,5,0,0,3936.6,2270.211729434028
10,2022,5,0,0,3936.6,2272.2393912884945
12,2022,5,0,0,3936.6,2261.1519396174263
10,2023,5,0,0,3936.6,2253.5805519274145
2,2022,9,0,0,3938.67,4213.9125659405545
5,2022,9,0,0,3938.67,4197.281388433941
2,2023,9,0,89,3938.67,4187.071593378809
4,2023,9,0,47,3938.67,4179.845373105803
4,2023,9,0,17,3938.67,4182.603395532991
7,2022,9,0,112,3938.67,4175.897319701355
3,2023,9,0,194,3938.67,4171.87478904811
7,2023,9,0,0,3938.67,4167.535097401786
6,2022,5,5,39,3962.07,2152.6680328516013
3,2023,7,5,0,3966.66,3102.8874841363577
2,2022,7,20,157,3981.54,2698.1739007595897
10,2023,7,20,33,3981.54,2646.565080746601
7,2023,6,20,0,4003.78,2191.899240931183
3,2023,7,5,57,4007.76,3097.647241524697
10,2022,9,0,0,4011.75,4169.56275925626
9,2022,9,0,192,4011.75,4157.455141557781
6,2023,9,0,0,4011.75,4173.078823237323
6,2022,9,0,0,4011.75,4191.737662598403
12,2022,9,0,0,4011.75,4158.475307585184
2,2023,9,0,23,4011.75,4193.139242718629
5,2023,9,0,0,4011.75,4178.622549072861
7,2022,10,10,0,4011.75,4384.203113507414
7,2023,9,0,0,4011.75,4167.535097401786
3,2023,6,15,189,4015.33,2334.859435605722
1,2022,7,5,11,4023.92,3131.622500278543
11,2023,7,5,0,4023.92,3058.537677452063
5,2022,8,5,0,4024.28,3584.7897138183034
11,2023,5,15,0,4034.95,1833.5543282207873
4,2022,5,15,26,4034.95,1888.628962327064
11,2022,5,15,116,4034.95,1841.548814196729
10,2022,5,15,0,4042.64,1857.756893417405
6,2023,13,0,30,4045.6,6067.644168777893
2,2022,13,0,0,4045.6,6111.235933908312
1,2023,5,0,135,4051.55,2291.062983524891
8,2022,5,0,0,4051.55,2283.32684295957
10,2023,5,0,0,4051.55,2253.5805519274145
3,2022,5,0,0,4051.55,2311.045472137259
5,2023,7,5,124,4066.28,3080.400206432896
10,2022,7,5,94,4066.28,3074.0984390434824
1,2023,7,15,0,4089.97,2837.6532705600403
5,2022,7,15,26,4089.97,2831.7469204754016
6,2022,7,15,139,4089.97,2815.814643497455
8,2023,7,15,165,4089.97,2783.678066361739
1,2023,7,15,0,4089.97,2837.6532705600403
8,2022,7,5,132,4094.6,3081.6923956401224
9,2022,7,5,0,4094.6,3088.2839684842183
12,2023,8,15,41,4098.16,3247.2338310439154
11,2023,8,15,0,4098.16,3256.546854196611
1,2022,8,15,0,4098.16,3330.6429519130616
1,2023,11,0,91,4099.7,5141.093135036415
12,2022,11,0,0,4099.7,5107.136991569063
11,2022,5,15,0,4105.42,1852.2131675818673
12,2023,23,0,195,4112.86,10762.521110334528
10,2022,8,15,94,4114.68,3272.1076157880307
12,2022,5,5,103,4120.67,2113.521896660379
7,2022,5,15,0,4123.39,1874.3880709240184
3,2023,6,0,152,4124.34,2752.743494470349
1,2023,6,0,0,4124.34,2777.8049264391884
3,2022,6,0,70,4124.34,2778.940928465752
12,2023,6,0,63,4124.34,2711.032095151182
4,2022,6,0,133,4124.34,2767.605355533109
7,2022,6,0,89,4124.34,2755.0192775863834
12,2022,6,0,23,4124.34,2733.368297748515
1,2022,6,0,64,4124.34,2790.5799846222653
3,2023,6,0,163,4124.34,2751.732219580379
7,2022,6,0,0,4124.34,2763.201410787049
8,2022,6,0,194,4124.34,2739.8224732556846
9,2023,6,0,178,4124.34,2717.090853353562
10,2022,6,0,0,4124.34,2746.570233280436
3,2023,6,0,75,4124.34,2759.8224187001397
6,2022,6,0,106,4124.34,2759.0001240465135
12,2023,8,0,0,4152.72,3665.4856262321628
10,2022,8,0,0,4152.72,3695.2319172643183
2,2023,8,0,82,4152.72,3713.38428995321
8,2023,9,0,170,4153.59,4146.362577812171
8,2022,9,0,0,4153.59,4180.650210927328
10,2023,9,0,0,4153.59,4150.90391989518
6,2022,9,0,198,4153.59,4173.534714578949
3,2023,9,0,35,4153.59,4186.492307912216
6,2022,9,0,0,4153.59,4191.737662598403
11,2022,9,0,167,4153.59,4148.6660419093605
4,2023,5,0,149,4170.6,2273.1447288855998
1,2023,5,0,37,4170.6,2300.0725234537094
10,2022,5,0,166,4170.6,2256.9783338580455
10,2023,5,0,59,4170.6,2248.156441153944
10,2022,5,0,0,4170.6,2272.2393912884945
6,2023,5,0,0,4170.6,2275.7554552695656
1,2022,5,0,156,4170.6,2307.791207186936
6,2022,5,0,87,4170.6,2286.4160295917973
11,2022,5,0,187,4170.6,2249.5039923234726
9,2023,5,0,0,4170.6,2259.1242777629523
10,2023,7,0,0,4175.43,3202.242235911297
9,2023,7,0,0,4175.43,3207.785961746835
6,2023,7,0,0,4175.43,3224.417139253448
1,2022,7,0,87,4175.43,3262.7963427533614
2,2023,7,0,0,4175.43,3246.592042595592
12,2022,7,0,28,4175.43,3207.239469335924
3,2022,7,0,0,4175.43,3259.707156121134
9,2023,7,0,47,4175.43,3203.4650599442393
2,2023,7,0,80,4175.43,3239.237316123086
7,2023,7,0,0,4175.43,3218.8734134179103
9,2022,7,0,89,4175.43,3218.262667907249
8,2022,7,0,0,4175.43,3231.9885269434526
1,2022,7,0,62,4175.43,3265.0946947760167
10,2023,7,0,0,4175.43,3202.242235911297
6,2022,7,0,0,4175.43,3243.075978614528
7,2023,7,0,83,4175.43,3211.242884702682
1,2023,7,0,67,4175.43,3245.976185010404
4,2023,14,0,17,4176.48,6554.25760549269
9,2022,14,0,156,4176.48,6532.418978430109
3,2023,8,15,92,4186.96,3292.438725437525
8,2022,11,0,105,4188.69,5119.658816416046
2,2023,11,0,0,4188.69,5143.915410563353
12,2022,11,0,0,4188.69,5107.136991569063
8,2023,11,0,0,4188.69,5110.65305555013
2,2023,11,0,142,4188.69,5130.860771074655
12,2023,11,0,58,4188.69,5083.145975515414
11,2023,11,0,182,4188.69,5077.2898753185655
11,2022,14,0,167,4189.08,6520.320251869063
1,2024,9,10,141,4204.63,3892.8542423987456
6,2023,9,10,13,4204.63,3895.5620149381502
3,2023,7,0,123,4218.69,3229.740424808573
6,2023,7,0,165,4218.69,3209.248015903904
7,2023,7,0,172,4218.69,3203.0607515020165
3,2023,7,0,0,4218.69,3241.048316760054
6,2022,7,0,0,4218.69,3243.075978614528
1,2023,7,0,0,4218.69,3252.1357684311297
7,2023,7,0,0,4218.69,3218.8734134179103
1,2022,7,0,118,4218.69,3259.9463862452612
11,2023,7,0,117,4218.69,3185.942222609716
8,2022,7,0,0,4218.69,3231.9885269434526
4,2022,7,0,0,4218.69,3254.1634302855964
9,2022,7,0,18,4218.69,3224.789987651602
3,2022,7,0,0,4218.69,3259.707156121134
2,2022,7,0,0,4218.69,3265.250881956672
10,2022,7,0,0,4218.69,3220.901075272377
11,2022,7,0,156,4235.7,3201.015632815448
8,2023,7,0,24,4235.7,3211.1232696406223
12,2022,7,0,101,4235.7,3200.5282814297607
2,2023,7,0,0,4235.7,3246.592042595592
10,2022,7,0,0,4235.7,3220.901075272377
12,2022,7,0,23,4235.7,3207.6991397404563
1,2023,7,0,86,4235.7,3244.2294374731864
7,2022,7,0,136,4235.7,3225.029217775729
9,2023,7,0,18,4235.7,3206.131148290522
10,2022,8,0,135,4236.08,3682.820816341962
5,2023,8,0,123,4236.08,3692.983815129439
10,2022,8,0,0,4236.08,3695.2319172643183
6,2022,8,0,0,4236.08,3717.406820606462
11,2022,8,0,99,4236.08,3680.58671741905
3,2023,8,0,0,4236.08,3715.3791587519954
5,2023,8,0,0,4236.08,3704.29170708092
9,2022,6,10,44,4251.53,2471.7471943087003
5,2023,6,0,41,4265.94,2751.8607257798867
2,2022,6,0,0,4265.94,2790.9200399647307
9,2022,6,0,116,4265.94,2741.449605730835
9,2023,6,0,0,4265.94,2733.4551197548935
11,2022,6,0,0,4265.94,2741.026507444898
4,2023,6,0,0,4265.94,2761.173748932575
6,2022,6,0,0,4265.94,2768.745136622587
6,2022,6,0,107,4265.94,2758.9081899656085
1,2022,6,0,120,4265.94,2785.43167609151
4,2023,6,0,152,4265.94,2747.1997686348113
4,2022,6,0,0,4265.94,2779.832588293655
3,2023,6,0,147,4265.94,2753.2031648748816
1,2022,5,10,0,4272.3,2045.8112585609342
12,2022,5,10,177,4272.3,1968.5579420496142
3,2023,5,10,143,4272.3,2002.9183939591749
3,2022,7,0,0,4280.29,3259.707156121134
3,2023,7,0,0,4280.29,3241.048316760054
2,2023,7,0,183,4280.29,3229.7681057897353
4,2022,7,0,0,4280.29,3254.1634302855964
7,2023,7,0,0,4280.29,3218.8734134179103
4,2023,7,0,34,4280.29,3232.378832173701
2,2023,7,0,61,4280.29,3240.984063660304
6,2022,7,0,121,4280.29,3231.9519548248645
12,2023,5,10,179,4280.45,1949.7152345267168
8,2022,5,10,0,4280.45,2007.005177712177
8,2022,9,10,60,4289.03,3898.812500825552
5,2023,9,20,0,4294.73,3625.9792185780752
6,2022,7,0,0,4310.11,3243.075978614528
7,2023,7,0,0,4310.11,3218.8734134179103
4,2022,7,0,57,4310.11,3248.923187673936
12,2022,7,0,165,4310.11,3194.6445002517576
5,2022,7,0,183,4310.11,3231.795767644202
4,2022,7,0,0,4310.11,3254.1634302855964
3,2023,7,0,0,4310.11,3241.048316760054
8,2022,7,0,0,4310.11,3231.9885269434526
8,2023,7,0,0,4310.11,3213.3296875823726
1,2022,7,0,175,4310.11,3254.7061436336007
8,2022,7,0,14,4310.11,3230.7014498107674
1,2023,7,0,0,4310.11,3252.1357684311297
10,2023,7,0,0,4310.11,3202.242235911297
4,2023,7,0,0,4310.11,3235.5045909245164
11,2023,7,0,0,4310.11,3196.6985100757593
11,2022,5,0,0,4337.55,2266.6956654529567
3,2022,5,0,0,4337.55,2311.045472137259
1,2023,5,0,0,4337.55,2303.474084447247
10,2023,5,0,0,4337.55,2253.5805519274145
9,2023,5,0,60,4337.55,2253.6082329085693
2,2022,5,0,155,4337.55,2302.339415432303
12,2023,5,0,0,4337.55,2242.493100256346
12,2022,5,0,10,4337.55,2260.232598808361
10,2022,5,0,0,4337.55,2272.2393912884945
8,2022,5,0,20,4337.55,2281.48816134144
3,2022,5,0,173,4337.55,2295.14087614046
3,2022,5,0,136,4337.55,2298.5424371339977
9,2023,5,0,0,4337.55,2259.1242777629523
4,2022,5,0,124,4337.55,2294.101920269335
2,2023,5,0,0,4337.55,2297.9303586117094
7,2023,8,10,0,4339.22,3416.8825901624587
10,2023,12,5,110,4341.01,5425.622864347602
11,2023,14,0,109,4356.8,6506.993589200549
7,2022,14,0,143,4356.8,6544.701573152961
6,2022,5,10,15,4365.95,2016.713618169655
10,2022,7,15,20,4371.29,2804.5798957831576
10,2022,10,0,128,4376.3,4632.12603889218
1,2023,10,0,0,4376.3,4675.128294406946
2,2023,10,0,0,4376.3,4669.584568571416
6,2022,9,20,0,4402.58,3639.0943321036175
9,2022,6,0,185,4408.02,2735.1061541482995
3,2022,6,0,0,4408.02,2785.376314129193
5,2023,6,0,194,4408.02,2737.794811401218
7,2022,6,0,94,4408.02,2754.559607181851
2,2022,6,0,3,4408.02,2790.6442377220083
11,2023,6,0,0,4408.02,2722.367668083818
9,2022,6,0,0,4408.02,2752.1139591159736
5,2023,6,0,29,4408.02,2752.963934750762
5,2022,10,15,0,4412.26,4257.129732554793
1,2022,6,15,68,4424.3,2375.7297504275484
3,2023,6,15,199,4424.3,2333.940094796664
11,2023,8,10,0,4433.26,3394.7076868203076
4,2023,9,5,3,4438.22,4045.72964004198
2,2023,9,5,0,4438.22,4057.092893955778
8,2022,9,5,177,4438.22,4026.2170459832123
8,2023,10,0,184,4457.5,4619.40634267142
12,2022,10,0,0,4457.5,4632.806149577125
10,2023,10,0,150,4457.5,4611.444649751167
10,2023,10,0,0,4457.5,4625.234761887121
9,2023,10,0,48,4457.5,4626.3656518391435
12,2023,10,0,0,4457.5,4614.147310216045
12,2022,10,0,0,4457.5,4632.806149577125
12,2022,10,0,48,4457.5,4628.3933136936175
10,2023,10,0,73,4457.5,4618.523573980958
10,2023,10,0,0,4457.5,4625.234761887121
12,2022,25,0,122,4470.5,11736.552821585654
8,2023,12,0,103,4472.4,5575.514687208717
10,2022,12,0,0,4472.4,5592.555285232076
5,2023,12,0,0,4472.4,5601.615075048681
6,2023,15,0,0,4474.8,7019.063875188964
9,2022,7,10,0,4479.24,2950.123135860522
9,2023,6,5,163,4487.72,2580.309031943463
11,2023,15,0,0,4488.3,6991.345246011282
7,2023,15,0,0,4488.3,7013.520149353426
12,2023,15,0,33,4488.3,6982.767695505834
3,2022,5,5,0,4509.65,2172.884639513555
12,2023,5,5,19,4509.65,2102.585520095432
12,2022,5,5,68,4518.25,2116.739589492099
2,2022,5,5,0,4518.25,2178.428365349093
3,2023,7,20,130,4537.74,2676.4535557474446
7,2023,12,15,28,4546.65,5173.470971241142
3,2022,6,20,12,4557.12,2231.629774663532
9,2022,6,20,0,4565.81,2199.4706286211876
8,2022,12,0,0,4569.48,5603.642736903152
8,2022,7,5,0,4571.14,3093.827694319756
4,2023,5,5,0,4588.4,2148.6820743169446
11,2023,5,5,143,4608.5,2096.7294198985765
2,2022,5,5,0,4608.5,2178.428365349093
4,2022,5,5,181,4608.5,2150.700845033978
1,2022,9,15,138,4610.43,3792.2868907399316
10,2022,10,0,24,4615.1,4641.687183306443
10,2023,10,0,73,4615.1,4618.523573980958
7,2022,6,5,58,4618.77,2619.708401470787
2,2023,6,5,0,4618.77,2634.100367979954
5,2023,6,20,34,4636.7,2199.8609338514434
2,2023,6,20,126,4657.01,2208.0341759146686
7,2022,6,20,128,4657.01,2198.7905179362497
8,2023,6,20,46,4657.01,2182.126547373955
4,2022,6,20,141,4657.01,2214.2265523910755
12,2023,15,0,0,4668.0,6985.801520175744
5,2022,7,20,196,4671.07,2677.9572940976286
8,2022,9,0,0,4671.81,4180.650210927328
4,2022,9,0,0,4671.81,4202.825114269479
6,2023,9,0,0,4671.81,4173.078823237323
4,2022,9,0,0,4671.81,4202.825114269479
4,2022,9,0,0,4671.81,4202.825114269479
4,2023,9,0,0,4671.81,4184.166274908399
5,2023,9,0,0,4671.81,4178.622549072861
10,2022,9,0,0,4671.81,4169.56275925626
4,2023,9,0,148,4671.81,4170.560030934263
4,2023,9,0,152,4671.81,4170.192294610635
9,2022,9,15,65,4677.75,3754.648271961785
6,2023,9,15,0,4677.75,3758.596325366234
4,2022,7,15,0,4684.55,2839.680932414507
4,2022,7,15,0,4684.55,2839.680932414507
2,2022,6,10,79,4684.55,2507.335582325737
1,2022,7,15,0,4684.55,2856.3121099211203
5,2022,9,15,99,4710.33,3773.697416553121
7,2022,6,0,0,4723.92,2763.201410787049
4,2022,6,0,0,4723.92,2779.832588293655
11,2023,6,0,99,4723.92,2713.2661940740873
9,2023,6,0,0,4723.92,2733.4551197548935
11,2023,6,0,0,4723.92,2722.367668083818
3,2022,6,0,0,4723.92,2785.376314129193
7,2023,6,0,82,4723.92,2737.003976791646
9,2023,6,0,106,4723.92,2723.71010717882
9,2023,6,0,136,4723.92,2720.9520847516324
5,2023,6,0,0,4723.92,2755.6300230970446
8,2022,6,0,28,4723.92,2755.0835306861336
10,2023,6,0,0,4723.92,2727.9113939193558
2,2022,6,0,0,4723.92,2790.9200399647307
7,2023,6,0,89,4723.92,2736.3604382253034
5,2023,6,0,147,4723.92,2742.1157132038134
11,2022,12,10,119,4726.4,5299.749738521292
7,2022,12,10,0,4726.4,5332.8647974912965
9,2022,5,0,0,4747.0,2277.7831171240323
11,2022,5,0,77,4747.0,2259.616741223166
3,2023,5,0,0,4747.0,2292.3866327761716
7,2023,5,0,0,4747.0,2270.211729434028
11,2023,5,0,133,4747.0,2235.8095933313307
8,2022,5,0,0,4747.0,2283.32684295957
1,2023,5,0,0,4747.0,2303.474084447247
1,2023,5,0,0,4747.0,2303.474084447247
1,2022,5,0,0,4747.0,2322.132923808327
7,2023,5,0,0,4747.0,2270.211729434028
4,2023,5,0,77,4747.0,2279.7639827108505
9,2022,5,0,136,4747.0,2265.280082120771
12,2023,5,0,3,4747.0,2242.217298013624
3,2023,5,0,0,4747.0,2292.3866327761716
11,2023,5,0,154,4747.0,2233.878977632303
11,2022,5,0,40,4747.0,2263.018302216704
7,2022,6,5,49,4754.48,2620.53580819894
3,2022,5,0,193,4756.05,2293.3021945223372
10,2022,5,0,0,4756.05,2272.2393912884945
1,2023,5,0,0,4756.05,2303.474084447247
10,2022,5,0,105,4756.05,2262.586312793326
12,2022,5,0,181,4756.05,2244.5118709733797
11,2022,5,0,0,4756.05,2266.6956654529567
5,2022,5,0,0,4756.05,2299.9580204661834
4,2022,5,0,30,4756.05,2302.7437238745333
3,2023,5,0,184,4756.05,2275.4707618894026
8,2023,5,0,35,4756.05,2261.4503107667697
1,2022,5,0,182,4756.05,2305.4009210833756
12,2023,5,0,0,4756.05,2242.493100256346
12,2023,5,0,0,4756.05,2242.493100256346
11,2022,5,0,0,4756.05,2266.6956654529567
11,2022,5,0,177,4756.05,2250.4233331325377
1,2022,5,0,0,4756.05,2322.132923808327
10,2023,5,0,0,4756.05,2253.5805519274145
8,2023,5,0,14,4756.05,2263.380926465805
11,2022,5,0,0,4756.05,2266.6956654529567
7,2022,9,0,56,4765.59,4181.04562823211
4,2023,9,0,149,4765.59,4170.468096853358
9,2022,9,0,73,4765.59,4168.395297185634
8,2022,9,0,160,4765.59,4165.940757982316
4,2023,9,0,0,4765.59,4184.166274908399
7,2022,9,0,0,4765.59,4186.193936762866
9,2023,9,0,96,4765.59,4147.621973963702
11,2023,9,0,0,4765.59,4145.360194059642
11,2022,9,0,0,4765.59,4164.019033420722
7,2023,9,0,65,4765.59,4161.55938214287
10,2022,9,0,0,4765.59,4169.56275925626
1,2023,9,0,0,4765.59,4200.797452415012
8,2023,9,0,108,4765.59,4152.062490828364
7,2023,9,0,127,4765.59,4155.859469126677
6,2023,9,0,0,4765.59,4173.078823237323
2,2022,9,0,0,4765.59,4213.9125659405545
11,2022,9,0,0,4765.59,4164.019033420722
9,2023,10,20,0,4771.92,4078.1351572278654
4,2022,8,0,0,4771.92,3728.4942722775377
3,2022,8,0,0,4771.92,3734.0379981130754
1,2023,8,0,0,4771.92,3726.466610423071
6,2022,8,0,0,4771.92,3717.406820606462
11,2022,16,0,123,4787.52,7473.027035412819
2,2023,7,0,1,4811.73,3246.500108514687
12,2022,7,0,176,4811.73,3193.6332253617875
4,2023,7,0,137,4811.73,3222.90962184035
5,2023,7,0,0,4811.73,3229.9608650889786
11,2022,7,0,0,4811.73,3215.3573494368393
2,2023,7,0,0,4811.73,3246.592042595592
4,2023,7,0,30,4811.73,3232.7465684973286
4,2023,7,0,135,4811.73,3223.0934900021603
9,2022,7,0,0,4811.73,3226.444801107915
5,2023,7,0,44,4811.73,3225.9157655290983
5,2022,7,0,32,4811.73,3245.6778138610534
7,2022,7,0,0,4811.73,3237.5322527789904
2,2023,7,0,43,4811.73,3242.6388771166166
10,2022,7,0,0,4811.73,3220.901075272377
6,2023,7,0,137,4811.73,3211.822170169282
8,2023,7,0,0,4811.73,3213.3296875823726
5,2022,7,0,0,4811.73,3248.6197044500586
3,2022,8,0,0,4821.36,3734.0379981130754
2,2022,8,0,0,4821.36,3739.581723948613
10,2022,8,0,35,4821.36,3692.014224432598
8,2023,8,0,0,4821.36,3687.660529574314
12,2023,8,0,85,4821.36,3657.6712293551245
9,2022,8,0,70,4821.36,3694.3402574364154
1,2023,8,0,0,4821.36,3726.466610423071
2,2022,8,0,39,4821.36,3735.9962947932654
1,2023,5,0,0,4829.9,2303.474084447247
2,2023,5,0,194,4829.9,2280.0951469158827
3,2023,5,0,0,4829.9,2292.3866327761716
8,2023,5,0,0,4829.9,2264.66800359849
6,2022,5,0,144,4829.9,2281.1757869801295
4,2023,5,0,168,4829.9,2271.3979813483747
6,2023,5,0,19,4829.9,2274.008707732348
5,2023,5,0,52,4829.9,2276.5186088979754
6,2022,5,0,51,4829.9,2289.7256565044227
5,2023,5,0,0,4829.9,2281.2991811051033
6,2022,5,0,0,4829.9,2294.4142946306456
4,2023,5,0,186,4829.9,2269.743167892062
6,2022,8,0,0,4840.8,3717.406820606462
2,2023,8,0,0,4840.8,3720.922884587533
5,2023,8,0,94,4840.8,3695.6499034757217
12,2022,8,0,8,4840.8,3683.408992945995
2,2023,8,0,0,4840.8,3720.922884587533
4,2023,13,0,0,4845.1,6081.48964287616
10,2022,13,0,52,4845.1,6062.105555016889
2,2023,5,0,55,4851.05,2292.873984161859
6,2022,5,0,0,4851.05,2294.4142946306456
9,2023,5,0,0,4851.05,2259.1242777629523
1,2022,5,0,0,4851.05,2322.132923808327
9,2023,5,0,96,4851.05,2250.298605995944
4,2023,5,0,0,4851.05,2286.842906940641
5,2023,5,0,0,4851.05,2281.2991811051033
4,2023,5,0,0,4851.05,2286.842906940641
4,2023,5,0,0,4851.05,2286.842906940641
12,2022,5,0,0,4851.05,2261.1519396174263
10,2022,5,0,0,4851.05,2272.2393912884945
1,2022,6,15,161,4851.17,2367.1798809032553
9,2023,6,15,51,4851.17,2314.283983757581
8,2023,6,15,0,4851.17,2324.516347719342
12,2022,7,20,40,4858.06,2653.4929298702627
7,2023,7,20,0,4858.06,2666.2300829231244
1,2023,6,0,0,4861.86,2777.8049264391884
4,2023,6,0,0,4861.86,2761.173748932575
6,2022,6,0,171,4861.86,2753.0244087876054
8,2023,6,0,0,4861.86,2738.9988455904313
2,2023,6,0,0,4861.86,2772.2612006036507
8,2022,6,0,8,4861.86,2756.9222123042637
6,2022,6,0,0,4861.86,2768.745136622587
10,2023,6,0,28,4861.86,2725.337239653978
10,2023,6,0,125,4861.86,2716.4196338060647
1,2023,6,0,0,4861.86,2777.8049264391884
1,2022,6,0,126,4861.86,2784.8800716060723
8,2023,6,0,186,4861.86,2721.8991065418522
2,2022,6,0,0,4861.86,2790.9200399647307
3,2023,6,0,0,4861.86,2766.717474768113
3,2023,6,0,137,4861.86,2754.1225056839467
8,2022,6,0,141,4861.86,2744.6949795437176
6,2022,6,0,0,4861.86,2768.745136622587
6,2022,6,0,0,4861.86,2768.745136622587
2,2023,6,0,0,4861.86,2772.2612006036507
4,2023,7,5,0,4885.56,3097.34375830082
2,2023,8,0,0,4891.76,3720.922884587533
12,2022,8,0,0,4891.76,3684.144465593243
10,2022,8,0,115,4925.84,3684.6594979600923
11,2023,8,0,44,4925.84,3666.98425250782
3,2022,6,15,190,4926.5,2353.426340885897
5,2023,10,5,0,4931.35,4514.792558441106
4,2023,9,20,0,4949.21,3631.522944413613
6,2022,9,20,118,4949.21,3628.246110556669
6,2022,9,10,0,4952.91,3915.4159973510104
7,2023,7,10,0,4960.12,2942.5517481705174
4,2023,7,10,1,4960.12,2959.0909915962184
12,2023,7,15,0,4963.01,2776.672286369132
6,2023,7,15,97,4963.01,2801.0170355344453
11,2022,7,0,96,4976.93,3206.531677669831
3,2023,7,0,0,4976.93,3241.048316760054
7,2023,7,0,185,4976.93,3201.8656084502363
2,2023,7,0,162,4976.93,3231.698721488763
9,2023,7,0,0,4976.93,3207.785961746835
3,2022,7,0,0,4976.93,3259.707156121134
3,2022,7,0,119,4976.93,3248.7670004932806
12,2022,7,0,163,4976.93,3194.8283684135677
5,2023,7,0,0,4976.93,3229.9608650889786
4,2022,7,0,129,4976.93,3242.303933848678
5,2023,7,0,0,4976.93,3229.9608650889786
2,2022,7,0,0,4976.93,3265.250881956672
3,2022,7,0,0,4976.93,3259.707156121134
1,2023,7,0,159,4976.93,3237.5182495670233
11,2022,7,0,0,4976.93,3215.3573494368393
5,2023,7,0,0,4976.93,3229.9608650889786
7,2022,7,0,56,4976.93,3232.383944248235
10,2023,16,0,34,4979.2,7468.094055087942
11,2023,16,0,14,4979.2,7464.389010870531
6,2022,12,20,0,4983.26,5062.086858079441
7,2023,12,10,0,4984.31,5314.2059581302165
4,2022,9,10,31,4987.41,3923.653492513986
5,2023,9,10,147,4987.41,3888.786573932237
5,2022,8,15,0,4995.76,3308.4680485709105
3,2023,8,15,11,4995.76,3299.885385990936
10,2022,8,15,0,4995.76,3280.749419393229
1,2023,6,0,0,5004.72,2777.8049264391884
4,2022,6,0,0,5004.72,2779.832588293655
4,2023,6,0,0,5004.72,2761.173748932575
8,2022,6,0,94,5004.72,2749.015881346313
4,2023,6,0,35,5004.72,2757.9560561008548
7,2022,6,0,0,5004.72,2763.201410787049
7,2022,6,0,0,5004.72,2763.201410787049
4,2022,6,0,150,5004.72,2766.0424761577015
3,2022,6,0,0,5004.72,2785.376314129193
3,2023,6,0,0,5004.72,2766.717474768113
4,2023,6,0,0,5004.72,2761.173748932575
9,2023,6,0,0,5004.72,2733.4551197548935
1,2023,6,0,9,5004.72,2776.9775197110284
7,2023,6,0,73,5004.72,2737.831383519806
4,2022,8,20,67,5038.85,3169.691358362026
12,2022,10,15,0,5070.16,4218.323651706036
6,2023,11,0,106,5076.61,5111.995494645133
12,2023,17,0,0,5086.74,7934.463204159623
11,2022,17,0,0,5086.74,7958.665769356241
2,2022,7,10,187,5104.95,2971.737543579795
5,2023,6,10,0,5126.76,2479.3083578496517
2,2022,6,10,44,5126.76,2510.5532751574574
6,2023,6,10,102,5136.53,2464.387355761668
2,2023,6,10,8,5136.53,2495.20406270901
4,2022,6,10,0,5136.53,2503.510923046262
1,2023,11,10,0,5138.99,4873.1374711514945
11,2022,15,10,0,5140.66,6733.682420124969
7,2022,7,0,126,5142.69,3225.9485585847942
8,2023,7,0,6,5142.69,3212.778083096935
10,2022,7,0,0,5142.69,3220.901075272377
12,2023,7,0,0,5142.69,3191.1547842402215
12,2022,7,0,0,5142.69,3209.8136236013015
1,2022,7,0,190,5142.69,3253.327132420003
9,2022,7,0,36,5142.69,3223.1351741952894
5,2023,7,0,0,5142.69,3229.9608650889786
6,2023,7,0,0,5142.69,3224.417139253448
8,2023,7,0,0,5142.69,3213.3296875823726
7,2022,7,0,88,5142.69,3229.4420536592297
12,2022,7,0,0,5142.69,3209.8136236013015
9,2022,7,0,39,5142.69,3222.859371952567
2,2023,7,0,0,5142.69,3246.592042595592
5,2022,7,0,33,5142.69,3245.5858797801484
4,2022,7,0,49,5142.69,3249.6586603211836
1,2022,7,0,0,5142.69,3270.7946077922097
3,2023,7,0,10,5142.69,3240.128975950989
7,2023,7,0,0,5142.69,3218.8734134179103
10,2023,7,0,0,5142.69,3202.242235911297
10,2023,7,0,168,5142.69,3186.7973103190307
8,2022,7,0,0,5142.69,3231.9885269434526
4,2022,7,0,33,5142.69,3251.129605615686
2,2022,8,20,0,5185.98,3186.9383934538273
5,2023,10,0,51,5190.9,4648.2647529385795
6,2023,10,0,188,5190.9,4630.1260580188755
7,2023,10,0,0,5190.9,4641.865939393727
11,2023,6,0,77,5205.06,2715.2887438540274
8,2022,6,0,0,5205.06,2757.6576849515113
9,2022,6,0,0,5205.06,2752.1139591159736
8,2023,6,0,161,5205.06,2724.1974585645075
2,2023,6,0,0,5205.06,2772.2612006036507
5,2022,6,0,24,5205.06,2772.0824445163744
8,2022,6,0,14,5205.06,2756.370607818826
3,2023,6,0,0,5205.06,2766.717474768113
4,2023,6,0,0,5205.06,2761.173748932575
7,2023,6,0,157,5205.06,2730.108920723673
4,2022,6,0,0,5205.06,2779.832588293655
9,2023,6,0,0,5205.06,2733.4551197548935
6,2022,6,0,172,5205.06,2752.932474706693
9,2023,6,0,0,5205.06,2733.4551197548935
3,2023,6,0,0,5205.06,2766.717474768113
7,2023,6,0,0,5205.06,2744.542571425969
5,2023,6,0,0,5205.06,2755.6300230970446
3,2023,6,0,140,5205.06,2753.8467034412242
9,2023,6,0,36,5205.06,2730.145492842268
10,2023,6,0,0,5205.06,2727.9113939193558
8,2023,6,0,0,5205.06,2738.9988455904313
5,2022,6,0,74,5205.06,2767.4857404710565
4,2023,6,0,151,5205.06,2747.2917027157164
7,2022,6,0,183,5205.06,2746.3774739811925
1,2022,6,0,0,5205.06,2796.4637658002684
8,2023,6,10,181,5216.29,2446.037111698992
8,2023,6,10,6,5216.29,2462.125575857601
9,2023,14,0,61,5217.8,6522.493876755128
10,2022,14,0,57,5217.8,6535.976726604298
11,2022,14,0,0,5217.8,6535.673243380421
9,2023,9,5,104,5228.07,4008.725668692765
1,2022,7,5,81,5235.68,3125.1871146151025
5,2022,6,10,0,5239.13,2497.9671972107317
4,2022,6,10,0,5239.13,2503.510923046262
4,2023,6,10,67,5239.13,2478.6925002644566
11,2022,12,0,116,5251.56,5576.347206011404
9,2023,12,0,32,5251.56,5576.498281117532
1,2023,7,10,0,5254.96,2975.8141031837367
3,2023,9,15,0,5258.53,3775.2275028728473
10,2022,9,15,175,5258.53,3738.991797226561
4,2023,9,5,0,5264.49,4046.0054422847024
12,2022,9,20,99,5289.62,3596.7305030806674
7,2022,10,0,168,5295.1,4645.0798531625405
10,2023,10,0,0,5295.1,4625.234761887121
10,2022,10,0,120,5295.1,4632.861511539435
11,2023,10,0,85,5295.1,4611.876639174545
8,2022,10,0,0,5295.1,4654.981052919269
4,2022,10,0,0,5295.1,4677.15595626142
6,2022,10,0,153,5295.1,4652.002590211676
3,2023,7,20,183,5326.78,2671.5810494594116
5,2022,14,0,0,5331.06,6568.935598393644
12,2023,12,0,38,5349.0,5559.315499125485
8,2022,12,0,168,5349.0,5588.197811310885
4,2022,8,15,36,5353.78,3310.702147493823
4,2023,8,15,0,5353.78,3295.352935045368
9,2022,9,0,148,5368.41,4161.500241117661
9,2022,9,0,176,5368.41,4158.926086852283
9,2023,9,0,0,5368.41,4156.44764573071
11,2022,9,0,0,5368.41,4164.019033420722
7,2023,9,0,0,5368.41,4167.535097401786
9,2022,9,0,0,5368.41,4175.106485091797
2,2022,9,0,0,5368.41,4213.9125659405545
9,2023,9,0,0,5368.41,4156.44764573071
1,2022,9,0,150,5368.41,4205.666179640139
8,2022,9,0,61,5368.41,4175.04223199204
9,2022,9,0,179,5368.41,4158.650284609561
9,2023,11,20,0,5380.94,4552.465999219807
12,2023,18,0,0,5385.96,8408.794046151565
2,2023,7,5,0,5388.56,3108.4312099718954
12,2023,8,5,37,5403.52,3523.9232326149286
4,2022,7,20,32,5409.49,2698.5782092018053
3,2022,6,5,147,5411.58,2633.701171612265
10,2023,10,10,43,5424.03,4344.959931160753
3,2022,9,0,0,5424.03,4208.368840105017
7,2023,9,0,0,5424.03,4167.535097401786
2,2023,9,0,0,5424.03,4195.2537265794745
4,2022,9,0,0,5424.03,4202.825114269479
2,2023,9,0,0,5424.03,4195.2537265794745
11,2022,9,0,0,5424.03,4164.019033420722
4,2023,9,0,0,5424.03,4184.166274908399
1,2022,9,0,78,5424.03,4212.285433465397
6,2023,9,0,0,5424.03,4173.078823237323
12,2022,7,20,0,5433.18,2657.1702931065156
10,2023,7,20,0,5433.18,2649.598905416511
5,2022,9,15,0,5439.07,3782.7988905628517
10,2022,9,0,0,5445.9,4169.56275925626
8,2023,9,0,0,5445.9,4161.991371566248
5,2022,9,0,161,5445.9,4182.480001408017
10,2023,9,0,0,5445.9,4150.90391989518
10,2022,9,0,59,5445.9,4164.138648482789
8,2023,9,0,0,5445.9,4161.991371566248
5,2023,9,0,105,5445.9,4168.969470577693
9,2023,9,0,0,5445.9,4156.44764573071
3,2022,7,10,0,5465.31,2983.385490873741
8,2023,10,20,12,5499.12,4082.575674092528
11,2022,8,0,151,5499.12,3675.806145211922
9,2022,10,20,152,5499.12,4082.8200162911817
8,2022,10,20,68,5499.12,4096.086204922853
2,2023,8,0,5,5499.12,3720.4632141830007
5,2022,10,20,18,5499.12,4117.314086474784
5,2022,9,0,130,5503.23,4185.329957916118
7,2023,9,0,0,5503.23,4167.535097401786
3,2023,9,0,0,5503.23,4189.710000743937
6,2022,9,0,146,5503.23,4178.315286786077
7,2022,9,0,180,5503.23,4169.645802199724
4,2023,9,0,131,5503.23,4172.12291030967
9,2023,9,0,26,5503.23,4154.057359627142
9,2022,9,0,18,5503.23,4173.451671635485
6,2023,9,0,0,5503.23,4173.078823237323
4,2023,9,0,0,5503.23,4184.166274908399
12,2022,9,0,141,5503.23,4145.51260217739
3,2023,9,0,52,5503.23,4184.929428536809
4,2023,9,0,0,5503.23,4184.166274908399
9,2022,6,5,174,5506.09,2597.956596414573
12,2023,13,20,149,5506.9,5470.798327642031
4,2022,7,0,126,5511.24,3242.5797360914003
10,2023,7,0,0,5511.24,3202.242235911297
8,2023,7,0,191,5511.24,3195.770278129261
8,2023,7,0,57,5511.24,3208.089444970712
5,2023,7,0,189,5511.24,3212.585323797677
3,2022,7,0,0,5511.24,3259.707156121134
5,2022,7,0,0,5511.24,3248.6197044500586
4,2023,7,0,0,5511.24,3235.5045909245164
5,2023,7,0,17,5511.24,3228.397985713571
5,2022,7,0,128,5511.24,3236.852142094045
5,2022,6,5,130,5530.2,2624.1765993166046
5,2022,6,5,0,5530.2,2636.128029834428
1,2023,11,5,181,5533.38,4994.658235131148
12,2022,12,0,91,5538.12,5573.101832198528
4,2022,9,0,0,5541.57,4202.825114269479
7,2022,9,0,173,5541.57,4170.289340766067
6,2023,9,0,0,5541.57,4173.078823237323
6,2022,9,0,0,5541.57,4191.737662598403
5,2022,9,0,0,5541.57,4197.281388433941
7,2022,9,0,160,5541.57,4171.484483817854
9,2022,9,0,0,5541.57,4175.106485091797
4,2022,9,0,0,5541.57,4202.825114269479
9,2022,9,0,4,5541.57,4174.73874876817
5,2022,9,0,96,5541.57,4188.455716666933
3,2023,7,5,0,5546.9,3102.8874841363577
12,2022,7,5,0,5546.9,3071.652790977605
1,2023,7,5,73,5546.9,3107.26374790127
12,2022,8,20,0,5552.06,3131.501135098457
9,2023,9,10,82,5567.86,3872.587385848994
5,2023,9,15,51,5620.23,3759.4514130755488
5,2023,7,15,0,5648.93,2815.478367217889
12,2023,7,15,189,5659.7,2759.2967450778306
9,2023,7,15,77,5659.7,2786.224539645955
3,2022,9,20,111,5668.7,3645.520826629625
1,2023,9,20,29,5668.7,3645.4880335739435
7,2023,7,0,104,5672.17,3209.3122690036544
5,2022,7,0,173,5672.17,3232.7151084532597
2,2022,7,0,0,5672.17,3265.250881956672
4,2023,7,0,60,5672.17,3229.9885460701335
7,2023,7,0,193,5672.17,3201.1301358029887
12,2022,7,0,0,5672.17,3209.8136236013015
4,2022,7,0,0,5672.17,3254.1634302855964
11,2022,7,0,71,5672.17,3208.8300296924863
11,2023,7,0,114,5672.17,3186.2180248524382
9,2023,7,0,36,5672.17,3204.4763348342094
9,2023,7,0,195,5672.17,3189.8588159700957
8,2022,7,0,71,5672.17,3225.4612071990996
8,2022,7,0,0,5672.17,3231.9885269434526
11,2022,7,0,0,5672.17,3215.3573494368393
4,2023,7,0,0,5672.17,3235.5045909245164
4,2022,7,0,0,5672.17,3254.1634302855964
11,2023,19,0,0,5685.18,8888.66861397904
5,2023,8,0,37,5687.92,3700.890146087382
11,2023,8,0,0,5687.92,3671.0293520677005
6,2023,8,0,167,5687.92,3683.394989734021
10,2022,10,20,0,5687.92,4091.2502707534077
12,2023,8,0,0,5687.92,3665.4856262321628
2,2022,8,0,159,5687.92,3724.964205084507
3,2023,13,0,193,5689.19,6069.290091096769
5,2022,6,0,0,5696.4,2774.2888624581246
3,2022,6,0,0,5696.4,2785.376314129193
10,2022,6,0,31,5696.4,2743.7202767723356
3,2022,6,0,0,5696.4,2785.376314129193
1,2022,6,0,69,5696.4,2790.120314217733
4,2022,6,0,0,5696.4,2779.832588293655
5,2023,6,0,0,5696.4,2755.6300230970446
8,2022,6,0,1,5696.4,2757.5657508706063
9,2022,6,0,0,5696.4,2752.1139591159736
2,2023,6,0,161,5696.4,2757.459813577727
11,2022,6,0,187,5696.4,2723.834834315414
2,2023,6,0,0,5696.4,2772.2612006036507
8,2022,6,0,26,5696.4,2755.2673988479437
11,2022,6,0,0,5696.4,2741.026507444898
1,2023,6,0,0,5696.4,2777.8049264391884
11,2023,6,0,17,5696.4,2720.8047887084103
3,2023,6,0,0,5696.4,2766.717474768113
9,2023,6,0,0,5707.26,2733.4551197548935
7,2022,6,0,0,5707.26,2763.201410787049
1,2022,6,0,131,5707.26,2784.42040120154
11,2022,6,0,99,5707.26,2731.9250334351673
6,2022,6,0,130,5707.26,2756.7937061047633
7,2023,6,0,150,5707.26,2730.7524592900154
2,2022,11,0,131,5709.99,5150.530885325701
2,2023,11,0,0,5709.99,5143.915410563353
11,2022,15,0,54,5711.85,7005.03964500342
12,2022,15,0,0,5711.85,7004.460359536824
6,2022,10,5,108,5725.36,4517.978791228765
8,2023,7,15,0,5747.58,2798.847189711283
1,2022,7,15,0,5747.58,2856.3121099211203
9,2023,7,15,169,5747.58,2777.766604202574
2,2023,7,15,0,5747.58,2832.1095447245025
11,2022,10,5,105,5748.45,4490.535964293798
8,2022,9,10,0,5759.02,3904.328545679935
5,2023,9,10,163,5759.02,3887.3156286377343
2,2022,7,5,0,5768.94,3127.0900493329755
11,2023,12,20,0,5785.63,5015.709389540672
9,2023,13,0,0,5794.75,6053.771013698475
9,2023,6,0,31,5795.88,2730.6051632467934
1,2022,6,0,0,5795.88,2796.4637658002684
3,2022,6,0,96,5795.88,2776.5506423621846
5,2022,6,0,0,5795.88,2774.2888624581246
7,2022,6,0,0,5795.88,2763.201410787049
3,2023,6,0,0,5795.88,2766.717474768113
8,2023,6,0,19,5795.88,2737.2520980532136
5,2023,6,0,0,5795.88,2755.6300230970446
7,2023,6,0,0,5795.88,2744.542571425969
2,2023,6,0,79,5795.88,2764.99840821205
7,2023,6,0,151,5795.88,2730.6605252091103
4,2023,6,0,101,5795.88,2751.8884067610343
9,2022,6,0,0,5821.26,2752.1139591159736
8,2023,6,0,116,5821.26,2728.334492205293
4,2023,6,0,0,5821.26,2761.173748932575
1,2022,6,0,0,5821.26,2796.4637658002684
12,2022,6,0,95,5821.26,2726.749043923257
2,2022,6,0,0,5821.26,2790.9200399647307
1,2023,6,0,36,5821.26,2774.495299526563
12,2023,6,0,113,5821.26,2706.4353911058643
5,2022,6,0,0,5821.26,2774.2888624581246
4,2022,6,0,0,5821.26,2779.832588293655
8,2022,6,0,127,5821.26,2745.982056676403
6,2022,6,0,187,5821.26,2751.5534634931028
6,2023,6,0,0,5821.26,2750.086297261507
1,2023,6,0,0,5821.26,2777.8049264391884
2,2023,11,0,175,5824.61,5127.826946404744
11,2023,11,0,50,5824.61,5089.425173998203
7,2023,11,0,132,5824.61,5104.061482706031
7,2022,11,0,24,5824.61,5132.649202804994
12,2022,11,0,0,5824.61,5107.136991569063
9,2022,11,0,10,5824.61,5122.848828266608
9,2023,7,0,132,5838.84,3195.650663067201
2,2022,7,0,0,5838.84,3265.250881956672
3,2022,7,0,0,5838.84,3259.707156121134
8,2022,7,0,111,5838.84,3221.7838439628467
5,2022,7,0,0,5838.84,3248.6197044500586
1,2023,7,0,192,5838.84,3234.484424897113
1,2023,7,0,161,5838.84,3237.334381405206
4,2022,7,0,29,5838.84,3251.4973419393136
4,2022,7,0,0,5838.84,3254.1634302855964
5,2023,7,0,14,5838.84,3228.6737879562934
12,2022,7,0,13,5838.84,3208.6184805495213
9,2022,7,0,56,5838.84,3221.2964925771594
8,2023,7,0,9,5838.84,3212.5022808542126
11,2022,7,0,4,5838.84,3214.989613113212
2,2023,7,0,156,5838.84,3232.2503259742007
8,2023,7,0,0,5838.84,3213.3296875823726
7,2022,7,0,0,5838.84,3237.5322527789904
11,2022,7,0,40,5838.84,3211.6799862005864
9,2023,7,0,168,5838.84,3192.3410361545684
9,2022,7,0,63,5838.84,3220.6529540108168
4,2023,7,0,12,5838.84,3234.4013819536412
9,2023,7,0,0,5838.84,3207.785961746835
3,2022,7,0,68,5838.84,3253.4556386195036
5,2023,7,0,0,5838.84,3229.9608650889786
12,2023,7,0,0,5838.84,3191.1547842402215
7,2023,10,15,29,5842.82,4224.717353176355
4,2022,10,5,0,5849.44,4538.995123637724
6,2022,10,5,0,5849.44,4527.907671966648
7,2022,10,5,0,5849.44,4522.36394613111
3,2022,9,5,88,5877.18,4062.1178083615596
5,2022,9,5,0,5877.18,4059.1205558102447
11,2023,10,20,58,5877.36,4061.7155288642316
5,2022,8,0,175,5877.36,3706.862082283391
1,2022,8,0,0,5877.36,3745.125449784151
1,2023,8,0,20,5877.36,3724.627928804941
11,2022,8,15,102,5899.07,3265.8284173052452
6,2023,11,10,129,5905.25,4833.559345536894
6,2023,14,5,0,5928.48,6406.57220057333
12,2023,16,0,0,5963.2,7460.132362167686
11,2022,10,0,0,5964.9,4638.349875412663
12,2023,10,0,0,5964.9,4614.147310216045
7,2022,10,0,133,5964.9,4648.297545994261
11,2023,10,0,14,5964.9,4618.403958918898
7,2023,10,0,0,5964.9,4641.865939393727
12,2023,10,0,71,5964.9,4607.619990471692
10,2023,10,0,177,5964.9,4608.962429566702
8,2023,10,0,0,5964.9,4636.322213558189
9,2023,10,0,75,5964.9,4623.883431654678
3,2023,10,0,0,5964.9,4664.040842735878
11,2022,10,0,170,5964.9,4622.721081658587
1,2023,11,10,34,5966.43,4870.011712400679
5,2023,7,10,55,5981.22,2948.5828253917352
4,2023,8,5,0,5983.63,3571.674600292761
10,2023,8,5,100,5983.63,3529.218837188906
11,2023,8,5,48,5983.63,3528.4556835604963
11,2023,15,10,116,6017.62,6704.359227378754
3,2023,10,0,0,6026.7,4664.040842735878
3,2022,10,0,0,6051.0,4682.699682096958
4,2023,10,0,7,6051.0,4657.853578333998
9,2022,10,0,0,6051.0,4649.437327083731
7,2022,16,15,127,6062.2,7080.351704560253
10,2023,7,0,0,6072.57,3202.242235911297
3,2023,7,0,59,6072.57,3235.6242059865835
3,2022,7,0,156,6072.57,3245.365439499743
2,2023,7,0,0,6072.57,3246.592042595592
12,2022,7,0,0,6072.57,3209.8136236013015
9,2022,7,0,0,6072.57,3226.444801107915
10,2022,7,0,145,6072.57,3207.570633540956
1,2023,7,0,0,6072.57,3252.1357684311297
8,2023,7,0,0,6072.57,3213.3296875823726
1,2022,7,0,178,6072.57,3254.4303413908783
1,2022,7,0,0,6072.57,3270.7946077922097
11,2023,7,0,0,6072.57,3196.6985100757593
5,2023,7,0,145,6072.57,3216.6304233575574
1,2022,7,0,85,6072.57,3262.9802109151715
5,2023,13,10,0,6073.35,5799.62425179323
8,2022,9,5,0,6078.96,4042.4893783036314
9,2023,9,5,119,6078.96,4007.3466574791673
1,2023,7,10,0,6085.67,2975.8141031837367
3,2022,7,10,55,6085.67,2978.329116423891
8,2022,7,10,0,6085.67,2955.6668616960596
3,2022,7,10,43,6085.67,2979.432325394766
1,2023,7,10,0,6085.67,2975.8141031837367
6,2023,10,0,111,6114.7,4637.204982248659
5,2022,10,0,7,6114.7,4670.96869185954
8,2022,10,0,73,6114.7,4648.269865013106
5,2023,10,0,0,6114.7,4652.953391064802
7,2022,10,0,159,6114.7,4645.9072598907005
10,2023,14,0,0,6126.82,6522.558129854879
6,2022,10,0,111,6157.3,4655.863821609739
5,2023,10,0,35,6157.3,4649.735698233082
5,2022,10,0,0,6157.3,4671.612230425882
5,2022,10,0,0,6157.3,4671.612230425882
4,2022,10,0,0,6157.3,4677.15595626142
7,2023,10,0,137,6157.3,4629.270970309561
5,2023,10,0,93,6157.3,4644.403521540509
1,2022,10,0,185,6157.3,4676.7793288003595
3,2023,8,20,0,6182.27,3162.7358282572095
2,2023,8,20,0,6182.27,3168.2795540927473
7,2022,9,0,146,6186.51,4172.771560950539
5,2023,9,0,60,6186.51,4173.106504218478
5,2022,9,0,0,6186.51,4197.281388433941
6,2022,9,0,94,6186.51,4183.095858993205
2,2023,9,0,161,6186.51,4180.452339553551
7,2022,10,10,180,6186.51,4367.654978944272
11,2022,9,0,95,6186.51,4155.285295734619
6,2022,9,0,85,6186.51,4183.923265721365
7,2023,9,15,0,6198.87,3753.052599530696
3,2023,8,20,95,6209.34,3154.0020905711062
4,2023,12,0,0,6229.08,5607.158800884219
5,2023,12,0,69,6229.08,5595.271623466146
6,2023,12,0,28,6229.08,5593.4971949477695
12,2022,14,0,0,6240.5,6530.129517544883
9,2023,14,0,132,6240.5,6515.966557010779
10,2022,14,0,179,6240.5,6524.760768733722
11,2023,10,15,146,6244.7,4191.786162368167
8,2023,10,15,0,6244.7,4221.8397156871
4,2023,12,15,181,6280.45,5176.036234369083
9,2022,9,5,0,6281.43,4036.9456524680936
10,2023,8,0,3,6298.56,3676.297275660516
12,2022,8,0,111,6298.56,3673.939782612637
11,2022,8,0,0,6298.56,3689.6881914287806
2,2023,8,0,0,6298.56,3720.922884587533
11,2023,8,0,0,6298.56,3671.0293520677005
11,2022,8,0,0,6298.56,3689.6881914287806
11,2022,8,0,0,6298.56,3689.6881914287806
3,2023,8,0,28,6298.56,3712.8050044866177
5,2022,8,0,14,6298.56,3721.6634693093147
10,2022,8,0,188,6298.56,3677.948310053929
5,2023,8,0,186,6298.56,3687.191968032341
3,2022,8,0,0,6298.56,3734.0379981130754
5,2022,8,0,89,6298.56,3714.768413241334
2,2023,7,5,0,6313.51,3108.4312099718954
11,2022,7,5,0,6325.55,3077.196516813143
12,2022,9,10,0,6377.29,3882.153642337791
11,2022,9,10,168,6377.29,3872.2524425810625
8,2023,9,15,52,6381.02,3742.7283014880304
2,2022,9,15,123,6381.02,3788.122176117984
2,2023,11,5,43,6389.86,5001.801412460685
7,2022,9,0,113,6398.91,4175.80538562045
12,2023,10,10,0,6398.91,4337.825644968652
9,2023,9,0,167,6398.91,4141.094654219349
11,2023,9,0,19,6398.91,4143.613446522424
6,2023,9,0,0,6398.91,4173.078823237323
11,2023,9,0,0,6398.91,4145.360194059642
12,2022,9,0,99,6398.91,4149.373833575453
7,2022,9,0,78,6398.91,4179.02307845217
8,2023,9,0,0,6398.91,4161.991371566248
10,2023,9,0,91,6398.91,4142.537918532704
10,2023,9,0,0,6398.91,4150.90391989518
7,2022,9,0,0,6398.91,4186.193936762866
2,2023,9,0,0,6398.91,4195.2537265794745
3,2023,7,5,0,6451.9,3102.8874841363577
4,2023,7,5,91,6451.9,3088.977756938344
10,2022,8,0,0,6482.48,3695.2319172643183
2,2022,8,0,150,6482.48,3725.7916118126595
2,2022,10,20,0,6482.48,4135.60007743771
1,2022,8,0,0,6482.48,3745.125449784151
3,2023,8,0,0,6482.48,3715.3791587519954
3,2022,8,0,41,6482.48,3730.2687007959175
6,2022,10,5,21,6530.2,4525.977056267613
6,2022,11,0,58,6561.39,5135.067169889717
1,2023,11,0,49,6561.39,5144.954366434482
4,2023,12,20,18,6598.94,5052.8606569331205
7,2022,9,0,123,6612.03,4174.886044811385
5,2022,9,0,117,6612.03,4186.525100967898
12,2023,9,0,0,6612.03,4139.816468224104
12,2023,9,0,180,6612.03,4123.2683336609625
12,2022,9,0,134,6612.03,4146.156140743733
8,2022,9,0,31,6612.03,4177.800254419228
7,2023,9,0,41,6612.03,4163.765800084628
10,2022,9,0,0,6612.03,4169.56275925626
11,2023,11,0,34,6629.37,5090.896119292705
6,2023,11,0,192,6629.37,5104.089163687189
9,2022,9,15,45,6636.45,3756.4869535799153
6,2023,7,0,71,6645.8,3217.889819509095
5,2023,7,0,0,6645.8,3229.9608650889786
10,2022,7,0,0,6645.8,3220.901075272377
1,2022,7,0,0,6645.8,3270.7946077922097
7,2023,7,0,167,6645.8,3203.520421906549
5,2023,7,0,0,6645.8,3229.9608650889786
2,2022,7,0,0,6645.8,3265.250881956672
10,2023,7,0,0,6645.8,3202.242235911297
2,2023,7,0,3,6645.8,3246.3162403528695
2,2023,7,0,0,6645.8,3246.592042595592
3,2023,7,0,0,6645.8,3241.048316760054
10,2023,7,0,0,6645.8,3202.242235911297
12,2022,7,0,36,6645.8,3206.503996688676
4,2023,7,0,51,6645.8,3230.8159527982934
7,2023,7,0,0,6645.8,3218.8734134179103
9,2022,7,0,0,6658.47,3226.444801107915
11,2022,7,0,67,6658.47,3209.1977660161137
7,2023,7,0,0,6658.47,3218.8734134179103
3,2022,7,0,27,6658.47,3257.2249359366615
8,2022,7,0,178,6658.47,3215.624260542121
3,2023,7,0,149,6658.47,3227.350138705013
8,2023,7,0,60,6658.47,3207.8136427279896
4,2023,7,0,29,6658.47,3232.8385025782336
12,2023,7,0,100,6658.47,3181.9613761495857
5,2023,7,0,136,6658.47,3217.4578300857174
7,2022,7,0,92,6658.47,3229.0743173356095
1,2022,7,0,31,6658.47,3267.9446512841096
8,2022,7,0,174,6658.47,3215.9919968657487
4,2023,8,0,0,6672.96,3709.8354329164576
2,2023,8,0,126,6672.96,3709.339190393337
12,2022,8,0,13,6672.96,3682.9493225414626
5,2023,8,0,126,6672.96,3692.7080128867237
6,2023,8,0,0,6672.96,3698.747981245382
6,2023,8,0,16,6672.96,3697.2770359508795
1,2023,15,0,0,6686.25,7046.782504366649
10,2022,15,0,0,6686.25,7015.547811207896
12,2023,15,0,79,6686.25,6978.538727784144
1,2022,11,0,117,6726.17,5157.361688293928
4,2022,9,5,47,6731.59,4060.343379843187
7,2022,9,10,0,6756.37,3909.8722715154727
4,2022,9,10,0,6756.37,3926.503449022086
7,2022,7,0,32,6761.86,3234.590362189985
9,2022,7,0,94,6761.86,3217.8029975027166
3,2023,7,0,68,6761.86,3234.7967992584236
11,2022,7,0,0,6761.86,3215.3573494368393
8,2022,7,0,0,6761.86,3231.9885269434526
11,2022,7,0,0,6761.86,3215.3573494368393
3,2022,7,0,10,6761.86,3258.787815312069
9,2022,7,0,140,6761.86,3213.574029781026
7,2022,7,0,195,6761.86,3219.6051070022513
4,2022,7,0,0,6761.86,3254.1634302855964
10,2022,7,0,109,6761.86,3210.8802604535886
12,2023,7,0,150,6761.86,3177.364672104268
9,2023,7,0,71,6761.86,3201.258642002482
5,2022,7,0,134,6761.86,3236.3005376086076
1,2023,7,0,195,6761.86,3234.2086226543906
9,2022,7,0,23,6761.86,3224.3303172470696
9,2022,7,0,159,6761.86,3211.8272822438084
7,2023,11,0,0,6773.03,5116.196781385668
11,2022,11,0,51,6773.03,5107.992079278378
2,2022,11,0,0,6773.03,5162.574249924433
8,2023,11,0,0,6773.03,5110.65305555013
8,2023,11,0,66,6773.03,5104.5854062103135
6,2022,7,0,114,6791.47,3232.595493391207
8,2022,7,0,110,6791.47,3221.875778043752
6,2022,7,0,29,6791.47,3240.4098902682454
11,2023,7,0,7,6791.47,3196.0549715094166
7,2023,7,0,0,6791.47,3218.8734134179103
12,2023,7,0,0,6791.47,3191.1547842402215
7,2023,7,0,167,6791.47,3203.520421906549
12,2022,7,0,0,6791.47,3209.8136236013015
1,2022,7,0,161,6791.47,3255.993220766286
11,2022,7,0,0,6791.47,3215.3573494368393
9,2023,7,0,0,6791.47,3207.785961746835
4,2022,7,0,0,6791.47,3254.1634302855964
6,2022,7,0,0,6791.47,3243.075978614528
5,2022,7,0,0,6791.47,3248.6197044500586
9,2022,7,0,195,6791.47,3208.517655331176
4,2022,7,0,149,6791.47,3240.465252230555
2,2023,7,0,0,6791.47,3246.592042595592
8,2022,7,0,0,6791.47,3231.9885269434526
9,2023,7,0,143,6791.47,3194.639388177231
10,2022,12,5,0,6799.99,5454.39445260838
12,2022,8,10,189,6848.71,3390.4472590545483
4,2022,11,15,0,6869.16,4737.004300382272
6,2023,10,0,0,6873.9,4647.409665229265
9,2022,10,0,106,6873.9,4639.692314507658
2,2023,10,0,92,6873.9,4661.126633128035
10,2023,10,0,0,6873.9,4625.234761887121
5,2022,13,0,0,6883.63,6094.604756401703
8,2022,13,0,45,6883.63,6073.836545254308
9,2022,13,0,48,6883.63,6068.017017176051
10,2023,8,0,135,6940.08,3664.161976980882
10,2022,8,0,0,6940.08,3695.2319172643183
5,2023,8,0,95,6940.08,3695.5579693948166
10,2023,8,0,189,6940.08,3659.197536611937
4,2023,8,0,38,6940.08,3706.341937842015
11,2022,8,0,138,6940.08,3677.0012882637093
10,2022,8,0,0,6940.08,3695.2319172643183
2,2022,8,10,60,6955.06,3457.7440138468373
1,2023,8,10,0,6955.06,3450.144945175678
11,2022,9,20,0,6955.06,3611.375702925936
3,2023,10,5,109,6979.36,4515.859195293393
6,2023,12,15,0,7011.38,5181.588851342058
2,2022,12,20,45,7052.83,5080.1247277808
5,2023,9,0,0,7085.88,4178.622549072861
9,2022,10,10,0,7085.88,4373.115661836338
4,2023,9,0,0,7085.88,4184.166274908399
3,2023,9,0,0,7085.88,4189.710000743937
1,2023,9,0,152,7085.88,4186.8234721172485
1,2023,10,15,144,7090.02,4247.407288885348
12,2023,10,0,122,7109.9,4602.931352345469
5,2022,10,0,0,7109.9,4671.612230425882
1,2023,10,0,110,7109.9,4665.015545507245
10,2022,10,0,86,7109.9,4635.98727029025
10,2023,10,0,117,7109.9,4614.478474421077
11,2022,10,0,135,7109.9,4625.938774490307
1,2023,10,0,135,7109.9,4662.71719348459
8,2023,10,0,0,7109.9,4636.322213558189
12,2022,10,0,0,7109.9,4632.806149577125
12,2023,10,0,124,7109.9,4602.747484183659
6,2023,9,5,83,7131.73,4027.2874618983988
7,2022,9,5,89,7131.73,4039.8509709385035
9,2022,16,0,0,7132.0,7495.422379035375
1,2022,12,0,51,7157.88,5637.760179625686
7,2023,12,0,90,7157.88,5582.253556096039
4,2023,12,0,0,7261.2,5607.158800884219
5,2022,14,0,89,7267.26,6560.753465192978
9,2022,9,15,125,7276.76,3749.1322271074096
1,2022,9,15,0,7276.76,3804.973793905003
1,2022,9,0,94,7292.79,4210.814488170894
6,2022,9,0,0,7292.79,4191.737662598403
7,2023,9,0,0,7292.79,4167.535097401786
7,2022,9,0,0,7292.79,4186.193936762866
8,2022,9,0,0,7292.79,4180.650210927328
4,2022,9,0,186,7292.79,4185.7253752209
6,2022,9,0,0,7292.79,4191.737662598403
5,2023,9,0,0,7292.79,4178.622549072861
2,2022,9,0,0,7292.79,4213.9125659405545
7,2023,9,0,0,7292.79,4167.535097401786
1,2023,9,0,0,7292.79,4200.797452415012
6,2022,9,0,0,7292.79,4191.737662598403
6,2022,12,0,90,7337.64,5606.4561212926565
6,2022,15,20,88,7337.64,6476.989184935501
9,2023,12,0,0,7337.64,5579.440171706534
6,2022,12,0,176,7337.64,5598.549790334713
6,2022,12,0,0,7337.64,5614.730188574227
4,2023,12,0,144,7337.64,5593.920293233707
9,2023,10,0,63,7346.7,4624.986640625553
11,2023,10,0,0,7346.7,4619.691036051583
12,2022,10,0,51,7346.7,4628.117511450902
6,2023,8,5,0,7373.6,3560.5871486216856
6,2022,12,0,98,7388.76,5605.720648645405
6,2023,12,0,0,7388.76,5596.071349213147
9,2022,12,0,179,7388.76,5581.642810585377
3,2023,12,0,46,7388.76,5608.473558998066
9,2023,12,0,0,7388.76,5579.440171706534
4,2023,12,0,0,7388.76,5607.158800884219
4,2023,12,0,116,7388.76,5596.494447499084
9,2022,14,0,0,7413.14,6546.760695051496
12,2022,10,5,150,7479.54,4480.855204817475
7,2023,12,15,135,7493.63,5163.634024584164
12,2022,9,0,114,7507.08,4147.994822361863
12,2022,9,0,3,7507.08,4158.199505342462
10,2023,9,0,15,7507.08,4149.524908681582
11,2022,9,0,0,7507.08,4164.019033420722
2,2023,9,0,121,7507.08,4184.129702789811
8,2023,9,0,0,7507.08,4161.991371566248
11,2022,9,0,0,7507.08,4164.019033420722
11,2022,9,0,0,7507.08,4164.019033420722
10,2023,9,0,0,7507.08,4150.90391989518
8,2022,11,0,197,7561.29,5111.200880972661
11,2022,20,15,0,7577.75,8967.175797460972
1,2022,8,0,0,7595.2,3745.125449784151
3,2022,8,0,0,7595.2,3734.0379981130754
12,2023,8,0,0,7609.68,3665.4856262321628
3,2023,8,0,182,7609.68,3698.647156027044
10,2022,8,0,164,7609.68,3680.1547279956794
5,2023,8,0,97,7609.68,3695.3741012330065
6,2022,8,0,0,7609.68,3717.406820606462
11,2023,8,0,0,7609.68,3671.0293520677005
5,2022,8,0,68,7609.68,3716.6990289403693
1,2022,8,0,18,7609.68,3743.4706363278383
5,2022,8,0,28,7609.68,3720.376392176622
6,2022,8,0,0,7609.68,3717.406820606462
11,2022,8,0,58,7609.68,3684.356014736215
5,2022,8,0,99,7609.68,3713.849072432269
12,2022,8,0,0,7609.68,3684.144465593243
2,2022,8,0,0,7609.68,3739.581723948613
11,2023,8,0,15,7609.68,3669.650340854103
11,2023,12,10,82,7678.69,5284.492460153746
10,2022,12,10,0,7678.69,5316.233619984683
5,2023,8,0,0,7727.84,3704.29170708092
3,2022,8,0,117,7727.84,3723.281710647032
12,2023,10,20,0,7727.84,4061.5039797212594
5,2023,8,0,18,7727.84,3702.636893624607
9,2023,10,20,141,7727.84,4065.1724518200717
1,2023,13,0,0,7754.37,6098.12082038277
10,2022,10,20,81,7761.68,4083.803610199997
3,2023,8,0,193,7761.68,3697.6358811370737
3,2023,8,0,141,7761.68,3702.4164533442017
4,2022,8,0,0,7761.68,3728.4942722775377
11,2022,8,0,55,7761.68,3684.63181697893
3,2022,8,0,0,7761.68,3734.0379981130754
6,2022,10,20,116,7761.68,4102.76082071042
1,2022,8,0,125,7761.68,3733.63368967086
2,2022,8,0,49,7761.68,3735.0769539842004
1,2022,8,0,163,7761.68,3730.140194596417
12,2023,8,0,191,7761.68,3647.926216779051
5,2023,15,0,0,7786.35,7024.6076010245015
11,2022,11,10,68,7794.47,4830.107534655581
8,2023,9,0,71,7807.59,4155.464051821895
6,2022,9,0,0,7807.59,4191.737662598403
7,2023,9,0,0,7807.59,4167.535097401786
7,2023,9,0,91,7807.59,4159.16909603931
9,2022,9,0,175,7807.59,4159.018020933188
7,2022,9,0,94,7807.59,4177.552133157667
8,2022,9,0,0,7807.59,4180.650210927328
8,2023,9,0,0,7807.59,4161.991371566248
12,2023,9,0,103,7807.59,4130.347257890753
9,2022,9,0,0,7807.59,4175.106485091797
7,2022,9,0,0,7807.59,4186.193936762866
1,2023,9,0,0,7807.59,4200.797452415012
5,2022,12,5,0,7836.25,5482.113081786065
8,2022,10,0,5,7873.2,4654.521382514737
8,2023,10,0,0,7873.2,4636.322213558189
7,2023,10,0,63,7873.2,4636.074092296629
5,2022,10,0,42,7873.2,4667.7509990278195
9,2023,10,5,0,7924.14,4492.617655098955
7,2022,12,10,171,7934.44,5317.144069656311
11,2022,15,0,0,7942.65,7010.004085372362
12,2022,15,0,0,7942.65,7004.460359536824
4,2023,13,0,22,8004.49,6079.46709309622
12,2023,18,0,0,8023.5,8408.794046151565
8,2022,12,15,110,8030.66,5179.047490132365
11,2022,16,5,0,8048.55,7346.174094740603
2,2022,15,10,123,8052.62,6772.268060693321
6,2022,10,0,0,8103.1,4666.068504590345
4,2023,10,0,111,8103.1,4648.292433919734
7,2022,10,0,80,8103.1,4653.170052282301
4,2023,10,0,40,8103.1,4654.819753664087
4,2022,10,0,114,8103.1,4666.675471038099
5,2022,10,0,0,8103.1,4671.612230425882
11,2022,12,5,0,8105.29,5448.850726772842
9,2023,9,5,196,8117.37,4000.2677332493768
10,2023,9,5,0,8132.85,4012.743087271483
8,2022,10,15,7,8210.83,4239.855016481837
1,2022,10,15,0,8246.78,4279.304635896937
3,2022,10,15,0,8246.78,4268.217184225869
9,2022,10,15,84,8246.78,4227.232366416509
6,2022,12,0,197,8248.68,5596.619174635678
5,2022,12,0,90,8248.68,5611.999847128191
9,2022,12,0,55,8248.68,5593.0426366177635
5,2023,12,0,0,8248.68,5601.615075048681
4,2022,12,0,146,8248.68,5612.395264432973
9,2023,9,5,173,8259.13,4002.382217110222
12,2023,10,0,0,8341.2,4614.147310216045
8,2022,10,0,0,8341.2,4654.981052919269
12,2023,10,0,84,8341.2,4606.424847419912
7,2023,10,0,0,8341.2,4641.865939393727
10,2022,10,0,0,8341.2,4643.893601248194
2,2023,10,0,0,8341.2,4669.584568571416
11,2022,14,0,0,8350.86,6535.673243380421
11,2022,14,0,5,8350.86,6535.213572975888
10,2023,14,0,0,8350.86,6522.558129854879
12,2022,14,0,103,8350.86,6520.660307211529
11,2023,14,0,0,8350.86,6517.014404019341
4,2023,16,15,45,8373.93,7085.862637340106
12,2023,16,0,0,8472.16,7460.132362167686
4,2022,13,5,125,8489.27,5950.495889500253
10,2022,12,15,88,8508.02,5169.98258824123
10,2022,12,0,82,8531.88,5585.016690597757
7,2023,12,0,22,8531.88,5588.505073597669
12,2023,12,0,92,8531.88,5554.35105875654
9,2022,12,0,0,8531.88,5598.099011067614
3,2023,12,0,60,8531.88,5607.186481865378
7,2022,9,0,80,8544.6,4178.83921029036
8,2023,9,0,17,8544.6,4160.42849219084
4,2022,9,0,85,8544.6,4195.010717392441
10,2023,9,0,37,8544.6,4147.502358901642
8,2022,9,0,143,8544.6,4167.503637357724
6,2023,9,0,0,8544.6,4173.078823237323
3,2023,9,0,114,8544.6,4179.229515520616
6,2023,9,0,130,8544.6,4161.1273927195
3,2023,9,0,30,8544.6,4186.951978316749
7,2022,9,0,0,8544.6,4186.193936762866
8,2023,14,0,0,8560.58,6533.645581525951
8,2022,9,0,0,8560.89,4180.650210927328
12,2022,10,10,61,8560.89,4350.876505394444
8,2022,9,0,125,8560.89,4169.158450814037
11,2023,9,0,177,8560.89,4129.087861739223
11,2023,9,0,0,8560.89,4145.360194059642
7,2023,9,0,185,8560.89,4150.527292434112
1,2023,9,0,125,8560.89,4189.305692301721
6,2023,14,0,0,8620.22,6544.733033197026
1,2022,11,0,0,8660.52,5168.117975759971
10,2023,11,0,109,8660.52,5089.544789060266
12,2022,11,0,34,8660.52,5104.011232818248
10,2022,11,0,0,8660.52,5118.2244432401385
7,2023,10,0,25,8675.1,4639.567587371072
4,2022,10,0,0,8675.1,4677.15595626142
4,2022,10,0,0,8675.1,4677.15595626142
1,2023,10,0,111,8675.1,4664.92361142634
8,2023,10,0,0,8675.1,4636.322213558189
12,2022,10,0,69,8675.1,4626.46269799459
6,2022,10,0,0,8675.1,4666.068504590345
8,2022,10,0,0,8675.1,4654.981052919269
11,2023,10,0,108,8675.1,4609.7621553137
7,2023,9,0,127,8693.82,4155.859469126677
11,2022,9,0,0,8693.82,4164.019033420722
12,2022,10,10,0,8693.82,4356.484484329732
8,2023,9,0,0,8693.82,4161.991371566248
11,2022,9,0,0,8693.82,4164.019033420722
12,2022,9,0,99,8693.82,4149.373833575453
3,2022,9,0,105,8693.82,4198.715761609848
9,2023,9,0,0,8693.82,4156.44764573071
8,2023,9,0,44,8693.82,4157.9462720063675
7,2022,9,0,0,8693.82,4186.193936762866
11,2022,9,0,58,8693.82,4158.686856728156
4,2022,9,0,0,8693.82,4202.825114269479
5,2022,9,0,0,8693.82,4197.281388433941
9,2022,9,0,0,8693.82,4175.106485091797
11,2023,9,0,0,8693.82,4145.360194059642
8,2023,9,0,74,8731.89,4155.18824957918
3,2022,9,0,60,8731.89,4202.852795250634
12,2023,9,0,46,8731.89,4135.587500502414
7,2023,9,0,0,8731.89,4167.535097401786
4,2023,9,0,11,8731.89,4183.155000018429
8,2023,9,0,155,8731.89,4147.741589025762
12,2022,10,10,0,8731.89,4356.484484329732
11,2023,9,0,0,8731.89,4145.360194059642
12,2022,9,0,20,8731.89,4156.636625967054
1,2022,9,0,191,8731.89,4201.896882322981
11,2022,9,0,0,8731.89,4164.019033420722
12,2023,10,10,0,8731.89,4337.825644968652
10,2022,9,0,0,8731.89,4169.56275925626
7,2022,9,0,0,8731.89,4186.193936762866
3,2023,9,0,0,8731.89,4189.710000743937
12,2023,9,0,0,8731.89,4139.816468224104
11,2022,9,0,24,8731.89,4161.812615478972
12,2022,9,0,156,8731.89,4144.133590963793
12,2022,9,0,38,8731.89,4154.981812510741
7,2022,9,0,189,8731.89,4168.818395471564
1,2023,14,15,0,8742.57,6157.969164503622
11,2023,12,0,0,8816.04,5568.352720035458
7,2023,12,0,116,8816.04,5579.863269992475
1,2022,12,0,0,8816.04,5642.448817751909
10,2022,12,0,0,8816.04,5592.555285232076
10,2022,12,0,143,8816.04,5579.408711662469
11,2022,12,0,0,8816.04,5587.011559396538
10,2022,12,0,63,8816.04,5586.763438134978
12,2023,12,0,0,8816.04,5562.808994199924
12,2022,11,15,0,8893.81,4692.654493697977
2,2023,11,0,50,8913.41,5139.3187065180355
3,2023,11,0,0,8913.41,5138.371684727816
2,2022,13,0,0,8936.07,6111.235933908312
8,2023,13,0,170,8936.07,6043.685945779936
10,2023,15,0,3,8947.35,6996.6131696040975
11,2023,15,0,0,8947.35,6991.345246011282
11,2022,15,0,0,8947.35,7010.004085372362
6,2023,15,0,126,8947.35,7007.480180994764
7,2022,13,15,0,8953.93,5669.034806859538
8,2023,17,0,97,9001.67,7947.720501653857
7,2022,10,5,0,9019.3,4522.36394613111
8,2022,10,5,0,9019.3,4516.820220295573
4,2022,12,20,69,9114.24,5066.830858167978
6,2022,15,0,0,9172.05,7037.722714550044
5,2022,11,0,140,9175.32,5133.072301090935
8,2023,13,15,0,9217.03,5644.8322416629235
2,2022,12,20,136,9273.41,5071.758726418324
9,2022,11,10,0,9399.06,4847.44650382828
9,2022,11,10,43,9416.98,4843.493338349304
7,2023,12,0,0,9447.84,5590.527623377609
5,2023,12,0,128,9447.84,5589.847512692671
11,2022,14,5,0,9456.17,6397.512410756724
6,2023,13,10,0,9480.63,5794.080525957692
5,2023,10,0,0,9494.0,4652.953391064802
4,2022,10,0,60,9494.0,4671.639911407037
4,2022,10,0,132,9494.0,4665.0206575817865
4,2023,10,0,139,9494.0,4645.718279654357
6,2023,10,0,115,9494.0,4636.837245925039
7,2022,10,0,0,9494.0,4660.524778754807
4,2022,10,0,0,9512.1,4677.15595626142
5,2023,10,0,0,9512.1,4652.953391064802
1,2022,10,0,0,9512.1,4693.7871337680335
10,2023,10,0,186,9512.1,4608.135022838542
7,2023,10,0,50,9512.1,4637.269235348409
4,2023,11,0,185,9542.61,5115.820153924607
11,2023,11,0,36,9542.61,5090.712251130892
3,2022,11,0,164,9542.61,5141.953334820257
10,2023,11,0,0,9542.61,5099.5656038790585
7,2022,13,0,0,9550.71,6083.517304730627
12,2023,10,0,83,9659.8,4606.516781500817
2,2023,10,0,0,9659.8,4669.584568571416
7,2023,10,0,0,9659.8,4641.865939393727
12,2023,10,0,0,9659.8,4614.147310216045
12,2023,10,0,0,9659.8,4614.147310216045
11,2022,10,0,40,9659.8,4634.67251217641
11,2022,10,0,39,9659.8,4634.764446257315
3,2022,10,0,35,9659.8,4679.481989265238
12,2023,10,0,0,9659.8,4614.147310216045
5,2023,10,0,85,9659.8,4645.138994187764
2,2022,10,0,18,9659.8,4686.588594476183
9,2022,18,10,0,9663.14,8167.762397771861
10,2022,10,0,0,9702.1,4643.893601248194
9,2023,10,0,0,9702.1,4630.778487722651
6,2023,10,0,90,9702.1,4639.135597947694
10,2023,10,0,109,9702.1,4615.213947068332
11,2022,10,0,108,9702.1,4628.42099467478
7,2023,10,0,0,9702.1,4641.865939393727
10,2023,10,0,73,9702.1,4618.523573980958
11,2023,10,0,0,9702.1,4619.691036051583
12,2023,13,5,0,9723.4,5898.979003568165
4,2023,12,0,155,9723.72,5592.9090183437365
4,2022,12,0,0,9723.72,5625.817640245299
5,2022,12,0,0,9723.72,5620.273914409761
4,2022,12,0,0,9723.72,5625.817640245299
9,2023,14,10,170,9920.23,6236.151396688947
12,2022,14,0,132,9953.86,6517.994218865246
10,2023,14,0,0,9953.86,6522.558129854879
8,2022,12,0,0,10009.44,5603.642736903152
10,2023,12,0,0,10009.44,5573.896445870996
9,2023,12,0,34,10009.44,5576.314412955719
7,2022,13,0,94,10235.16,6074.8755011254325
6,2022,13,0,160,10235.16,6074.35157762115
11,2023,14,0,0,10285.38,6517.014404019341
12,2022,14,0,0,10285.38,6530.129517544883
9,2022,14,0,76,10285.38,6539.773704902615
6,2023,15,0,100,10310.85,7009.870467098328
12,2023,12,0,190,10410.12,5545.341518827721
12,2023,12,0,0,10410.12,5562.808994199924
12,2022,12,0,0,10410.12,5581.467833561004
5,2023,12,0,191,10410.12,5584.05566559557
2,2022,12,10,33,10432.58,5357.549601999068
8,2023,11,0,106,10443.4,5100.908042974057
7,2022,11,0,0,10443.4,5134.855620746748
2,2023,11,0,114,10443.4,5133.434925340032
8,2023,11,0,53,10443.4,5105.780549262094
9,2023,11,0,64,10443.4,5099.225548536586
4,2023,11,0,0,10463.31,5132.8279588922815
2,2023,11,0,118,10463.31,5133.067189016405
9,2023,11,0,176,10463.31,5088.928931475079
12,2023,11,0,109,10463.31,5078.457337389191
7,2023,13,15,185,10510.87,5633.368162530784
6,2022,18,5,182,10528.98,8305.822405177216
4,2022,13,0,51,10534.03,6095.459844111017
1,2022,13,0,116,10534.03,6106.115306358715
7,2023,18,20,0,10579.25,7883.869344834464
10,2023,18,20,0,10579.25,7867.2381673278505
9,2022,15,10,0,10628.82,6744.769871796041
12,2022,15,0,191,10664.85,6986.900950083713
8,2022,15,0,0,10664.85,7026.635262878972
8,2023,18,0,0,10736.82,8430.968949493712
3,2023,13,0,0,10843.56,6087.0333687116945
4,2022,14,10,0,10930.63,6298.157658981785
11,2023,12,5,0,11012.17,5430.191887411762
8,2022,15,0,94,11020.05,7017.993459273777
8,2022,13,10,0,11107.98,5801.6519136477
12,2023,13,0,0,11277.63,6037.139836191862
2,2023,14,15,0,11297.86,6152.425438668084
6,2022,14,0,0,11344.34,6563.391872558106
6,2023,14,0,0,11344.34,6544.733033197026
10,2022,16,0,63,11375.84,7484.0868061027395
8,2023,16,0,0,11375.84,7482.307265509829
6,2023,12,0,123,11392.8,5584.763457261666
5,2023,12,0,166,11392.8,5586.354017618229
5,2023,12,0,0,11392.8,5601.615075048681
12,2023,12,0,0,11414.52,5562.808994199924
8,2023,12,0,25,11414.52,5582.685545519413
10,2023,12,0,0,11414.52,5573.896445870996
9,2023,12,0,94,11591.76,5570.798368101339
7,2022,12,0,0,11591.76,5609.186462738689
10,2023,12,0,0,11591.76,5573.896445870996
7,2023,12,0,0,11591.76,5590.527623377609
11,2022,12,0,88,11591.76,5578.921360276781
12,2022,12,0,0,11591.76,5581.467833561004
10,2022,12,0,0,11642.52,5592.555285232076
12,2023,12,0,0,11642.52,5562.808994199924
8,2022,12,0,191,11642.52,5586.08332745004
4,2022,12,0,76,11642.52,5618.830650096417
10,2023,14,0,98,11677.68,6513.548589926057
3,2022,17,0,0,12086.83,8003.015576040536
10,2023,17,0,193,12086.83,7927.8073782157735
10,2023,15,15,96,12127.93,6573.5808022087185
1,2023,13,0,7,12342.2,6097.477281816427
11,2023,13,0,178,12365.73,6026.319295626072
4,2023,13,0,105,12365.73,6071.836564380996
4,2023,18,0,140,12373.02,8440.27308150897
10,2022,28,0,88,12481.0,13173.758557983365
12,2022,15,0,0,12511.8,7004.460359536824
4,2023,13,0,90,12557.74,6073.21557559459
2,2023,13,0,0,12557.74,6092.577094547232
2,2023,13,0,0,12557.74,6092.577094547232
12,2022,18,5,140,12562.86,8276.42128156206
11,2022,16,0,18,12597.12,7482.680113907987
9,2022,13,0,139,12612.73,6059.651015813575
7,2022,13,0,30,12612.73,6080.759282303436
7,2022,13,0,116,12612.73,6072.852951345492
11,2022,18,0,161,12797.82,8418.195224322259
5,2022,16,0,69,12964.96,7511.253830794987
11,2022,16,15,72,13194.86,7063.233175667952
9,2022,14,0,114,13291.6,6536.280209828175
10,2022,14,0,47,13316.94,6536.89606741336
11,2023,14,0,131,13316.94,6504.971039420609
12,2022,16,0,168,13345.92,7463.346275936499
10,2023,14,0,55,13523.72,6517.501755405028
8,2023,14,0,51,13582.94,6528.956943399728
11,2022,14,0,17,13582.94,6534.110364005013
7,2023,14,0,96,13582.94,6530.36363559448
11,2022,19,0,0,13958.73,8907.32745334012
6,2022,21,0,0,14435.19,9883.707766501684
10,2023,15,0,0,14489.7,6996.888971846816
12,2023,15,0,0,14489.7,6985.801520175744
12,2023,15,0,171,14553.15,6970.080792340759
4,2022,15,0,0,14553.15,7048.810166221119
11,2023,19,20,0,14747.19,8336.025283484254
11,2022,18,0,14,15014.16,8431.70953421549
11,2023,16,0,19,15455.68,7463.929340465998
10,2022,16,0,0,15523.36,7489.878653199838
10,2022,16,0,0,15523.36,7489.878653199838
7,2023,16,0,0,15523.36,7487.850991345367
12,2023,18,10,0,15648.88,8132.472380904172
11,2023,18,5,184,16265.69,8259.261068476637
12,2023,17,0,151,16421.66,7920.581157942765
12,2023,19,0,46,18353.62,8878.895920421815
11,2023,19,0,0,18353.62,8888.66861397904
10,2023,23,10,0,20083.35,10515.214042534946
8,2023,21,0,0,20285.58,9853.961475469532
11,2022,28,0,92,23355.36,13167.8470958242
11,2023,28,0,197,27047.44,13139.535177967955
